10003142356	github-pages	197255025	false	2026-09-07T03:20:19Z	2026-09-08T03:20:09Z
10002977881	github-pages	197255088	false	2026-09-07T03:11:32Z	2026-09-08T03:11:23Z
9964821393	github-pages	197069636	true	2026-09-05T06:53:12Z	2026-09-06T06:53:05Z
9964759592	github-pages	197070442	true	2026-09-05T06:48:57Z	2026-09-06T06:48:47Z
9963714867	github-pages	197051512	true	2026-09-05T05:27:44Z	2026-09-06T05:27:36Z
9963623517	github-pages	197051265	true	2026-09-05T05:20:44Z	2026-09-06T05:20:34Z
9962530703	github-pages	197051093	true	2026-09-05T03:59:21Z	2026-09-06T03:59:10Z
9880202813	github-pages	196767990	true	2026-09-03T05:56:14Z	2026-09-04T05:56:04Z
9880041303	github-pages	196768447	true	2026-09-03T05:49:40Z	2026-09-04T05:49:29Z
9876884704	github-pages	196767110	true	2026-09-03T03:20:10Z	2026-09-04T03:20:01Z
9876700604	github-pages	196766574	true	2026-09-03T03:10:51Z	2026-09-04T03:10:41Z
9876356986	github-pages	196770095	true	2026-09-03T02:53:33Z	2026-09-04T02:53:24Z
9876245223	github-pages	196765457	true	2026-09-03T02:47:59Z	2026-09-04T02:47:48Z
9874645891	github-pages	196751963	true	2026-09-03T01:36:25Z	2026-09-04T01:36:14Z
9873265159	github-pages	196749793	true	2026-09-03T00:37:59Z	2026-09-04T00:37:48Z
9873110646	github-pages	196743910	true	2026-09-03T00:31:35Z	2026-09-04T00:31:24Z
9870125008	github-pages	196638359	true	2026-09-02T22:38:12Z	2026-09-03T22:38:02Z
9870124925	github-pages	196625443	true	2026-09-02T22:38:12Z	2026-09-03T22:38:02Z
9870120129	github-pages	196626014	true	2026-09-02T22:38:03Z	2026-09-03T22:37:53Z
9870112176	github-pages	196626085	true	2026-09-02T22:37:47Z	2026-09-03T22:37:39Z
9870106498	github-pages	196624024	true	2026-09-02T22:37:36Z	2026-09-03T22:37:27Z
9870090830	github-pages	196626263	true	2026-09-02T22:37:05Z	2026-09-03T22:36:56Z
9870081455	github-pages	196625662	true	2026-09-02T22:36:46Z	2026-09-03T22:36:35Z
9869737785	github-pages	196625548	true	2026-09-02T22:25:27Z	2026-09-03T22:25:17Z
9828942123	github-pages	207179805	true	2026-09-02T02:18:40Z	2026-09-03T02:18:31Z
9828811294	github-pages	207179482	true	2026-09-02T02:12:39Z	2026-09-03T02:12:28Z
9766994786	github-pages	197078868	true	2026-08-31T16:46:29Z	2026-09-01T16:46:19Z
9760113689	github-pages	197078769	true	2026-08-31T13:38:40Z	2026-09-01T13:38:32Z
9758990509	github-pages	197078632	true	2026-08-31T13:06:03Z	2026-09-01T13:05:52Z
9758661313	github-pages	197077991	true	2026-08-31T12:55:54Z	2026-09-01T12:55:43Z
8483334785	github-pages	1226737027	true	2026-07-21T03:56:30Z	2026-07-22T03:55:45Z
