known_status,reaction_id,mcid,pdg_identifier,title,reactant_names_aaa,product_names_aaa,reactant_electrinos,product_electrinos,electrino_delta,reactant_positrinos,product_positrinos,positrino_delta
k,mu_minus_s004_1,13,S004.1/2025,mu- decay mode 1,e2,e.av.v2,20,20,0,14,14,0
k,mu_minus_s004_2,13,S004.2/2025,mu- decay mode 2,e2,e.av.v2.hp,26,26,0,20,20,0
k,mu_minus_s004_7,13,S004.7/2025,mu- decay mode 3,e2,e.av.v2.ae.e,32,32,0,26,26,0
k,pi_plus_s008_1,211,S008.1/2025,pi+ decay mode 1,u.ad,ae2.v2,9,7,2,15,13,2
k,mu_minus_s004_4,13,S004.4/2025,mu- decay mode 5,e2,e.hp,20,15,5,14,9,5
u,pbar_s016_16,-2212,S016.16/2025,pbar decay mode 49,aP,e.e.ae,21,21,0,15,15,0
u,pbar_s016_3,-2212,S016.3/2025,pbar decay mode 42,aP,e.hp,21,21,0,15,15,0
u,pbar_s016_47,-2212,S016.47/2025,pbar decay mode 36,aP,ae.d.au.d.au,33,33,0,27,27,0
u,pbar_s016_54,-2212,S016.54/2025,pbar decay mode 45,aP,e.hp.hp,21,21,0,15,15,0
u,pbar_s016_56,-2212,S016.56/2025,pbar decay mode 23,aP,e.d.au.u.ad,33,33,0,27,27,0
u,pbar_s016_57,-2212,S016.57/2025,pbar decay mode 24,aP,e.u.au.d.ad.u.au.d.ad,57,57,0,51,51,0
u,pbar_s016_63,-2212,S016.63/2025,pbar decay mode 68,aP,aN.d.au.u.au.d.ad,57,57,0,51,51,0
u,pbar_s016_81,-2212,S016.81/2025,pbar decay mode 83,aP,e.hp,21,21,0,15,15,0
u,pbar_s016_82,-2212,S016.82/2025,pbar decay mode 85,aP,e.u.au.d.ad,33,33,0,27,27,0
u,pbar_s016_94,-2212,S016.94/2025,pbar decay mode 93,aP,e.hp.hp,21,21,0,15,15,0
u,nbar_s017_1,-2112,S017.1/2025,nbar decay mode 1,aN,P.e.av,30,30,0,30,30,0
u,nbar_s017_4,-2112,S017.4/2025,nbar decay mode 2,aN,P.e.av.hp,36,36,0,36,36,0
u,b_minus_s041_183,-521,S041.183/2025,B- decay mode 40,au.d3,e2.av2,13,13,0,7,7,0
u,b_minus_s041_235,-521,S041.235/2025,B- decay mode 44,au.d3,e2.av2.hp,19,19,0,13,13,0
u,b_minus_s041_241,-521,S041.241/2025,B- decay mode 448,au.d3,au.d2.d.ad2,25,25,0,19,19,0
u,b_minus_s041_254,-521,S041.254/2025,B- decay mode 546,au.d3,d2.ad2.d.au,25,25,0,19,19,0
u,b_minus_s041_284,-521,S041.284/2025,B- decay mode 455,au.d3,au.d2.u.ad2.d.au,37,37,0,31,31,0
u,b_minus_s041_285,-521,S041.285/2025,B- decay mode 461,au.d3,au.d2.au.d2.u.ad,37,37,0,31,31,0
u,b_minus_s041_306,-521,S041.306/2025,B- decay mode 449,au.d3,d.ad2.au.d2.u.au.d.ad,49,49,0,43,43,0
u,b_minus_s041_586,-521,S041.586/2025,B- decay mode 655,au.d3,d.au.e.ae3,25,25,0,19,19,0
u,b_minus_s041_587,-521,S041.587/2025,B- decay mode 656,au.d3,d.au.ae.e3,25,25,0,19,19,0
u,b_minus_s041_631,-521,S041.631/2025,B- decay mode 37,au.d3,aP.P.e2.av2,49,49,0,43,43,0
u,b_minus_s041_80,-521,S041.80/2025,B- decay mode 542,au.d3,u.au.d.ad.d2.ad2.d.au,49,49,0,43,43,0
u,b_minus_s041_88,-521,S041.88/2025,B- decay mode 632,au.d3,d.au.e2.ae2,25,25,0,19,19,0
u,b_minus_s041_89,-521,S041.89/2025,B- decay mode 661,au.d3,au.d2.e.ae2,25,25,0,19,19,0
u,b_minus_s041_90,-521,S041.90/2025,B- decay mode 662,au.d3,au.d2.ae.e2,25,25,0,19,19,0
u,b_minus_s041_93,-521,S041.93/2025,B- decay mode 674,au.d3,u.ad.e2.e2,25,25,0,19,19,0
u,b_minus_s041_95,-521,S041.95/2025,B- decay mode 681,au.d3,u.ad2.e.e2,25,25,0,19,19,0
u,bbar0_s042_106,-511,S042.106/2025,Bbar0 decay mode 354,ad.d3,u.ad2.au.d2,22,22,0,22,22,0
u,bbar0_s042_162,-511,S042.162/2025,Bbar0 decay mode 355,ad.d3,d.ad2.ad.d2,22,22,0,22,22,0
u,bbar0_s042_178,-511,S042.178/2025,Bbar0 decay mode 439,ad.d3,d2.ad2.u.au.d.ad,34,34,0,34,34,0
u,bbar0_s042_193,-511,S042.193/2025,Bbar0 decay mode 420,ad.d3,d2.ad2.hp,16,16,0,16,16,0
u,bbar0_s042_228,-511,S042.228/2025,Bbar0 decay mode 356,ad.d3,d.ad2.au.d2.u.ad,34,34,0,34,34,0
u,bbar0_s042_230,-511,S042.230/2025,Bbar0 decay mode 359,ad.d3,u.ad2.au.d2.u.au.d.ad,46,46,0,46,46,0
u,bbar0_s042_381,-511,S042.381/2025,Bbar0 decay mode 557,ad.d3,u.au.d.ad.ae2.e2,34,34,0,34,34,0
u,bbar0_s042_405,-511,S042.405/2025,Bbar0 decay mode 550,ad.d3,ae2.e2.hp,16,16,0,16,16,0
u,bbar0_s042_519,-511,S042.519/2025,Bbar0 decay mode 559,ad.d3,u.au.d.ad.d2.ad2.ae.e,46,46,0,46,46,0
u,bbar0_s042_550,-511,S042.550/2025,Bbar0 decay mode 577,ad.d3,u.ad.d.au.ae2.e2,34,34,0,34,34,0
u,bbar0_s042_570,-511,S042.570/2025,Bbar0 decay mode 442,ad.d3,d2.ad2.u.ad.d.au,34,34,0,34,34,0
u,bbar0_s042_572,-511,S042.572/2025,Bbar0 decay mode 483,ad.d3,P.aP.u.ad2.au.d2,58,58,0,58,58,0
u,bbar0_s042_60,-511,S042.60/2025,Bbar0 decay mode 425,ad.d3,u.au.d.ad.d2.ad2.u.au.d.ad,58,58,0,58,58,0
u,bbar0_s042_7,-511,S042.7/2025,Bbar0 decay mode 549,ad.d3,ae2.e2,10,10,0,10,10,0
u,bbar0_s042_83,-511,S042.83/2025,Bbar0 decay mode 24,ad.d3,d.au.ae2.v2,22,22,0,22,22,0
u,k_minus_s010_125,-321,S010.125/2025,K- decay mode 50,au.d2,u.au.d.ad.u.ad.e2.e,50,50,0,44,44,0
u,k_minus_s010_126,-321,S010.126/2025,K- decay mode 48,au.d2,u.au.d.ad.d.au.ae2.e,50,50,0,44,44,0
u,k_minus_s010_127,-321,S010.127/2025,K- decay mode 46,au.d2,u.au.d.ad.d.au.e2.ae,50,50,0,44,44,0
u,k_minus_s010_25,-321,S010.25/2025,K- decay mode 47,au.d2,d.au.ae2.e,26,26,0,20,20,0
u,k_minus_s010_29,-321,S010.29/2025,K- decay mode 45,au.d2,d.au.e2.ae,26,26,0,20,20,0
u,k_minus_s010_34,-321,S010.34/2025,K- decay mode 44,au.d2,e2.av,14,14,0,8,8,0
u,k_minus_s010_35,-321,S010.35/2025,K- decay mode 54,au.d2,e2.v,14,14,0,8,8,0
u,k_minus_s010_45,-321,S010.45/2025,K- decay mode 49,au.d2,u.ad.e2.e,26,26,0,20,20,0
u,pi_minus_s008_2,-211,S008.2/2025,pi- decay mode 3,d.au,e.av,15,15,0,9,9,0
u,pi_minus_s008_4,-211,S008.4/2025,pi- decay mode 5,d.au,e.av.u.au.d.ad,39,39,0,33,33,0
u,pi_minus_s008_5,-211,S008.5/2025,pi- decay mode 4,d.au,e.av.hp,21,21,0,15,15,0
u,pi_minus_s008_6,-211,S008.6/2025,pi- decay mode 6,d.au,e.av.e.ae,27,27,0,21,21,0
u,tau_plus_s035_106,-15,S035.106/2025,tau+ decay mode 247,ae3,P.u.au.d.ad.d2.ad2,49,49,0,55,55,0
u,tau_plus_s035_12,-15,S035.12/2025,tau+ decay mode 9,ae3,u.ad.av3,13,13,0,19,19,0
u,tau_plus_s035_16,-15,S035.16/2025,tau+ decay mode 14,ae3,u.ad.u.au.d.ad.av3,37,37,0,43,43,0
u,tau_plus_s035_2,-15,S035.2/2025,tau+ decay mode 5,ae3,ae.v.av3,13,13,0,19,19,0
u,tau_plus_s035_210,-15,S035.210/2025,tau+ decay mode 112,ae3,ae.ae.e.v.av3,25,25,0,31,31,0
u,tau_plus_s035_228,-15,S035.228/2025,tau+ decay mode 236,ae3,ae.u.au.d.ad.u.au.d.ad.d2.ad2,61,61,0,67,67,0
u,tau_plus_s035_251,-15,S035.251/2025,tau+ decay mode 224,ae3,ae.au.d2.u.ad2,25,25,0,31,31,0
u,tau_plus_s035_252,-15,S035.252/2025,tau+ decay mode 225,ae3,e.u.ad2.u.ad2,25,25,0,31,31,0
u,tau_plus_s035_255,-15,S035.255/2025,tau+ decay mode 208,ae3,ae.d2.ad2,13,13,0,19,19,0
u,tau_plus_s035_257,-15,S035.257/2025,tau+ decay mode 67,ae3,u.ad.d.au.u.ad.av3,37,37,0,43,43,0
u,tau_plus_s035_261,-15,S035.261/2025,tau+ decay mode 76,ae3,u.ad.d.au.u.ad.u.au.d.ad.av3,61,61,0,67,67,0
u,tau_plus_s035_269,-15,S035.269/2025,tau+ decay mode 248,ae3,P.u.au.d.ad.u.au.d.ad.d2.ad2,73,73,0,79,79,0
u,tau_plus_s035_274,-15,S035.274/2025,tau+ decay mode 6,ae3,ae.v.av3.hp,19,19,0,25,25,0
u,tau_plus_s035_334,-15,S035.334/2025,tau+ decay mode 242,ae3,aP.ae2.ae2,25,25,0,31,31,0
u,tau_plus_s035_335,-15,S035.335/2025,tau+ decay mode 243,ae3,P.e2.ae2,25,25,0,31,31,0
u,tau_plus_s035_350,-15,S035.350/2025,tau+ decay mode 114,ae3,u.ad.ae.e.av3,25,25,0,31,31,0
u,tau_plus_s035_36,-15,S035.36/2025,tau+ decay mode 211,ae3,ae.e2.ae2,13,13,0,19,19,0
u,tau_plus_s035_51,-15,S035.51/2025,tau+ decay mode 226,ae3,ae2.d.au.u.ad2,25,25,0,31,31,0
u,tau_plus_s035_52,-15,S035.52/2025,tau+ decay mode 228,ae3,e2.u.ad.u.ad2,25,25,0,31,31,0
u,tau_plus_s035_55,-15,S035.55/2025,tau+ decay mode 212,ae3,e.ae2.ae2,13,13,0,19,19,0
u,tau_plus_s035_67,-15,S035.67/2025,tau+ decay mode 194,ae3,ae.u.au.d.ad.d2.ad2,37,37,0,43,43,0
u,tau_plus_s035_78,-15,S035.78/2025,tau+ decay mode 227,ae3,ae2.u.ad.au.d2,25,25,0,31,31,0
u,mu_plus_s004_1,-13,S004.1/2025,mu+ decay mode 1,ae2,ae.v.av2,14,14,0,20,20,0
u,mu_plus_s004_2,-13,S004.2/2025,mu+ decay mode 2,ae2,ae.v.av2.hp,20,20,0,26,26,0
u,mu_plus_s004_3,-13,S004.3/2025,mu+ decay mode 4,ae2,ae.av.v2,14,14,0,20,20,0
u,mu_plus_s004_7,-13,S004.7/2025,mu+ decay mode 3,ae2,ae.v.av2.e.ae,26,26,0,32,32,0
u,phi_2170_0_m103_3,0,M103.3/2025,phi(2170)0 decay mode 7,d2.ad2,u.ad2.au.d2.u.ad.d.au,46,46,0,46,46,0
u,phi_2170_minus_m103_3,0,M103.3/2025,phi(2170)- decay mode 7,d2.ad2,u.ad2.au.d2.u.ad.d.au,46,46,0,46,46,0
u,phi_2170_plus_m103_3,0,M103.3/2025,phi(2170)+ decay mode 7,d2.ad2,u.ad2.au.d2.u.ad.d.au,46,46,0,46,46,0
u,phi_2170_0_m103_4,0,M103.4/2025,phi(2170)0 decay mode 9,d2.ad2,u.ad2.au.d2.u.au.d.ad.u.au.d.ad,70,70,0,70,70,0
u,phi_2170_minus_m103_4,0,M103.4/2025,phi(2170)- decay mode 9,d2.ad2,u.ad2.au.d2.u.au.d.ad.u.au.d.ad,70,70,0,70,70,0
u,phi_2170_plus_m103_4,0,M103.4/2025,phi(2170)+ decay mode 9,d2.ad2,u.ad2.au.d2.u.au.d.ad.u.au.d.ad,70,70,0,70,70,0
u,mu_minus_s004_3,13,S004.3/2025,mu- decay mode 4,e2,e.v.av2,20,20,0,14,14,0
u,tau_minus_s035_106,15,S035.106/2025,tau- decay mode 247,e3,aP.u.au.d.ad.d2.ad2,55,55,0,49,49,0
u,tau_minus_s035_12,15,S035.12/2025,tau- decay mode 9,e3,d.au.v3,19,19,0,13,13,0
u,tau_minus_s035_16,15,S035.16/2025,tau- decay mode 14,e3,d.au.u.au.d.ad.v3,43,43,0,37,37,0
u,tau_minus_s035_2,15,S035.2/2025,tau- decay mode 5,e3,e.av.v3,19,19,0,13,13,0
u,tau_minus_s035_210,15,S035.210/2025,tau- decay mode 112,e3,e.e.ae.av.v3,31,31,0,25,25,0
u,tau_minus_s035_228,15,S035.228/2025,tau- decay mode 236,e3,e.u.au.d.ad.u.au.d.ad.d2.ad2,67,67,0,61,61,0
u,tau_minus_s035_251,15,S035.251/2025,tau- decay mode 224,e3,e.u.ad2.au.d2,31,31,0,25,25,0
u,tau_minus_s035_252,15,S035.252/2025,tau- decay mode 225,e3,ae.au.d2.au.d2,31,31,0,25,25,0
u,tau_minus_s035_255,15,S035.255/2025,tau- decay mode 208,e3,e.d2.ad2,19,19,0,13,13,0
u,tau_minus_s035_257,15,S035.257/2025,tau- decay mode 67,e3,d.au.u.ad.d.au.v3,43,43,0,37,37,0
u,tau_minus_s035_261,15,S035.261/2025,tau- decay mode 76,e3,d.au.u.ad.d.au.u.au.d.ad.v3,67,67,0,61,61,0
u,tau_minus_s035_269,15,S035.269/2025,tau- decay mode 248,e3,aP.u.au.d.ad.u.au.d.ad.d2.ad2,79,79,0,73,73,0
u,tau_minus_s035_274,15,S035.274/2025,tau- decay mode 6,e3,e.av.v3.hp,25,25,0,19,19,0
u,tau_minus_s035_334,15,S035.334/2025,tau- decay mode 242,e3,P.e2.e2,31,31,0,25,25,0
u,tau_minus_s035_335,15,S035.335/2025,tau- decay mode 243,e3,aP.ae2.e2,31,31,0,25,25,0
u,tau_minus_s035_350,15,S035.350/2025,tau- decay mode 114,e3,d.au.e.ae.v3,31,31,0,25,25,0
u,tau_minus_s035_36,15,S035.36/2025,tau- decay mode 211,e3,e.ae2.e2,19,19,0,13,13,0
u,tau_minus_s035_42,15,S035.42/2025,tau- decay mode 192,e3,e.d.ad2.ad.d2,31,31,0,25,25,0
u,tau_minus_s035_51,15,S035.51/2025,tau- decay mode 226,e3,e2.u.ad.au.d2,31,31,0,25,25,0
u,tau_minus_s035_52,15,S035.52/2025,tau- decay mode 228,e3,ae2.d.au.au.d2,31,31,0,25,25,0
u,tau_minus_s035_55,15,S035.55/2025,tau- decay mode 212,e3,ae.e2.e2,19,19,0,13,13,0
u,tau_minus_s035_67,15,S035.67/2025,tau- decay mode 194,e3,e.u.au.d.ad.d2.ad2,43,43,0,37,37,0
u,tau_minus_s035_78,15,S035.78/2025,tau- decay mode 227,e3,e2.d.au.u.ad2,31,31,0,25,25,0
u,pi0_s009_1,111,S009.1/2025,pi0 decay mode 1,u.au.d.ad,hp.hp,24,24,0,24,24,0
u,pi0_s009_11,111,S009.11/2025,pi0 decay mode 8,u.au.d.ad,v.av,24,24,0,24,24,0
u,pi0_s009_2,111,S009.2/2025,pi0 decay mode 2,u.au.d.ad,ae.e.hp,24,24,0,24,24,0
u,pi0_s009_3,111,S009.3/2025,pi0 decay mode 4,u.au.d.ad,ae.ae.e.e,24,24,0,24,24,0
u,pi0_s009_4,111,S009.4/2025,pi0 decay mode 12,u.au.d.ad,hp.hp.hp,24,24,0,24,24,0
u,pi0_s009_5,111,S009.5/2025,pi0 decay mode 6,u.au.d.ad,hp.hp.hp.hp,24,24,0,24,24,0
u,pi0_s009_6,111,S009.6/2025,pi0 decay mode 5,u.au.d.ad,ae.e,24,24,0,24,24,0
u,pi_plus_s008_2,211,S008.2/2025,pi+ decay mode 3,u.ad,ae.v,9,9,0,15,15,0
u,pi_plus_s008_4,211,S008.4/2025,pi+ decay mode 5,u.ad,ae.v.u.au.d.ad,33,33,0,39,39,0
u,pi_plus_s008_5,211,S008.5/2025,pi+ decay mode 4,u.ad,ae.v.hp,15,15,0,21,21,0
u,pi_plus_s008_6,211,S008.6/2025,pi+ decay mode 6,u.ad,ae.v.ae.e,21,21,0,27,27,0
u,eta_s014_109,221,S014.109/2025,eta decay mode 17,u.au.d.ad.d2.ad2,ae.e.ae2.e2,34,34,0,34,34,0
u,eta_s014_111,221,S014.111/2025,eta decay mode 19,u.au.d.ad.d2.ad2,ae2.e2.u.ad.d.au,34,34,0,34,34,0
u,eta_s014_12,221,S014.12/2025,eta decay mode 14,u.au.d.ad.d2.ad2,ae2.e2,34,34,0,34,34,0
u,eta_s014_13,221,S014.13/2025,eta decay mode 12,u.au.d.ad.d2.ad2,ae2.e2.hp,34,34,0,34,34,0
u,eta_s014_14,221,S014.14/2025,eta decay mode 32,u.au.d.ad.d2.ad2,u.au.d.ad.ae2.e2,34,34,0,34,34,0
u,eta_s014_17,221,S014.17/2025,eta decay mode 23,u.au.d.ad.d2.ad2,u.au.d.ad.ae2.e2.hp,40,40,0,40,40,0
u,k_plus_s010_125,321,S010.125/2025,K+ decay mode 50,u.ad2,u.au.d.ad.d.au.ae2.ae,44,44,0,50,50,0
u,k_plus_s010_126,321,S010.126/2025,K+ decay mode 48,u.ad2,u.au.d.ad.u.ad.e2.ae,44,44,0,50,50,0
u,k_plus_s010_127,321,S010.127/2025,K+ decay mode 46,u.ad2,u.au.d.ad.u.ad.ae2.e,44,44,0,50,50,0
u,k_plus_s010_25,321,S010.25/2025,K+ decay mode 47,u.ad2,u.ad.e2.ae,20,20,0,26,26,0
u,k_plus_s010_29,321,S010.29/2025,K+ decay mode 45,u.ad2,u.ad.ae2.e,20,20,0,26,26,0
u,k_plus_s010_34,321,S010.34/2025,K+ decay mode 44,u.ad2,ae2.v,8,8,0,14,14,0
u,k_plus_s010_35,321,S010.35/2025,K+ decay mode 54,u.ad2,ae2.av,8,8,0,14,14,0
u,k_plus_s010_45,321,S010.45/2025,K+ decay mode 49,u.ad2,d.au.ae2.ae,20,20,0,26,26,0
u,phi_1020_0_m004_1,333,M004.1/2025,phi(1020)0 decay mode 1,d2.ad2,u.ad2.au.d2,22,22,0,22,22,0
u,phi_1020_0_m004_17,333,M004.17/2025,phi(1020)0 decay mode 10,d2.ad2,u.au.d.ad.d2.ad2.ae.e,46,46,0,46,46,0
u,phi_1020_0_m004_195,333,M004.195/2025,phi(1020)0 decay mode 25,d2.ad2,u.au.d.ad.d2.ad2.u.au.d.ad.u.au.d.ad.hp,88,88,0,88,88,0
u,phi_1020_0_m004_196,333,M004.196/2025,phi(1020)0 decay mode 26,d2.ad2,ae2.e2.hp,16,16,0,16,16,0
u,phi_1020_0_m004_22,333,M004.22/2025,phi(1020)0 decay mode 21,d2.ad2,u.au.d.ad.u.au.d.ad.d2.ad2.hp,64,64,0,64,64,0
u,phi_1020_0_m004_255,333,M004.255/2025,phi(1020)0 decay mode 28,d2.ad2,u.au.d.ad.d2.ad2.u.ad.d.au,58,58,0,58,58,0
u,phi_1020_0_m004_257,333,M004.257/2025,phi(1020)0 decay mode 23,d2.ad2,d.ad2.ad.d2.hp,28,28,0,28,28,0
u,phi_1020_0_m004_4,333,M004.4/2025,phi(1020)0 decay mode 5,d2.ad2,u.au.d.ad.d2.ad2.hp,40,40,0,40,40,0
u,phi_1020_0_m004_6,333,M004.6/2025,phi(1020)0 decay mode 9,d2.ad2,ae2.e2,10,10,0,10,10,0
u,b0_s042_106,511,S042.106/2025,B0 decay mode 354,d.ad3,u.ad2.au.d2,22,22,0,22,22,0
u,b0_s042_162,511,S042.162/2025,B0 decay mode 355,d.ad3,d.ad2.ad.d2,22,22,0,22,22,0
u,b0_s042_178,511,S042.178/2025,B0 decay mode 439,d.ad3,d2.ad2.u.au.d.ad,34,34,0,34,34,0
u,b0_s042_193,511,S042.193/2025,B0 decay mode 420,d.ad3,d2.ad2.hp,16,16,0,16,16,0
u,b0_s042_228,511,S042.228/2025,B0 decay mode 356,d.ad3,d.ad2.au.d2.u.ad,34,34,0,34,34,0
u,b0_s042_230,511,S042.230/2025,B0 decay mode 359,d.ad3,u.ad2.au.d2.u.au.d.ad,46,46,0,46,46,0
u,b0_s042_381,511,S042.381/2025,B0 decay mode 557,d.ad3,u.au.d.ad.ae2.e2,34,34,0,34,34,0
u,b0_s042_405,511,S042.405/2025,B0 decay mode 550,d.ad3,ae2.e2.hp,16,16,0,16,16,0
u,b0_s042_519,511,S042.519/2025,B0 decay mode 559,d.ad3,u.au.d.ad.d2.ad2.ae.e,46,46,0,46,46,0
u,b0_s042_550,511,S042.550/2025,B0 decay mode 577,d.ad3,u.ad.d.au.ae2.e2,34,34,0,34,34,0
u,b0_s042_570,511,S042.570/2025,B0 decay mode 442,d.ad3,d2.ad2.u.ad.d.au,34,34,0,34,34,0
u,b0_s042_572,511,S042.572/2025,B0 decay mode 483,d.ad3,P.aP.u.ad2.au.d2,58,58,0,58,58,0
u,b0_s042_60,511,S042.60/2025,B0 decay mode 425,d.ad3,u.au.d.ad.d2.ad2.u.au.d.ad,58,58,0,58,58,0
u,b0_s042_7,511,S042.7/2025,B0 decay mode 549,d.ad3,ae2.e2,10,10,0,10,10,0
u,b0_s042_83,511,S042.83/2025,B0 decay mode 24,d.ad3,d.au.ae2.v2,22,22,0,22,22,0
u,b_plus_s041_183,521,S041.183/2025,B+ decay mode 40,u.ad3,ae2.v2,7,7,0,13,13,0
u,b_plus_s041_235,521,S041.235/2025,B+ decay mode 44,u.ad3,ae2.v2.hp,13,13,0,19,19,0
u,b_plus_s041_241,521,S041.241/2025,B+ decay mode 448,u.ad3,u.ad2.ad.d2,19,19,0,25,25,0
u,b_plus_s041_254,521,S041.254/2025,B+ decay mode 546,u.ad3,d2.ad2.u.ad,19,19,0,25,25,0
u,b_plus_s041_284,521,S041.284/2025,B+ decay mode 455,u.ad3,u.ad2.au.d2.u.ad,31,31,0,37,37,0
u,b_plus_s041_285,521,S041.285/2025,B+ decay mode 461,u.ad3,u.ad2.u.ad2.d.au,31,31,0,37,37,0
u,b_plus_s041_306,521,S041.306/2025,B+ decay mode 449,u.ad3,ad.d2.u.ad2.u.au.d.ad,43,43,0,49,49,0
u,b_plus_s041_586,521,S041.586/2025,B+ decay mode 655,u.ad3,u.ad.ae.e3,19,19,0,25,25,0
u,b_plus_s041_587,521,S041.587/2025,B+ decay mode 656,u.ad3,u.ad.e.ae3,19,19,0,25,25,0
u,b_plus_s041_631,521,S041.631/2025,B+ decay mode 37,u.ad3,P.aP.ae2.v2,43,43,0,49,49,0
u,b_plus_s041_80,521,S041.80/2025,B+ decay mode 542,u.ad3,u.au.d.ad.d2.ad2.u.ad,43,43,0,49,49,0
u,b_plus_s041_88,521,S041.88/2025,B+ decay mode 632,u.ad3,u.ad.ae2.e2,19,19,0,25,25,0
u,b_plus_s041_89,521,S041.89/2025,B+ decay mode 661,u.ad3,u.ad2.ae.e2,19,19,0,25,25,0
u,b_plus_s041_90,521,S041.90/2025,B+ decay mode 662,u.ad3,u.ad2.e.ae2,19,19,0,25,25,0
u,b_plus_s041_93,521,S041.93/2025,B+ decay mode 674,u.ad3,d.au.ae2.ae2,19,19,0,25,25,0
u,b_plus_s041_95,521,S041.95/2025,B+ decay mode 681,u.ad3,au.d2.ae.ae2,19,19,0,25,25,0
u,n_s017_1,2112,S017.1/2025,n decay mode 1,N,P.e.av,30,30,0,30,30,0
u,n_s017_4,2112,S017.4/2025,n decay mode 2,N,P.e.av.hp,36,36,0,36,36,0
u,p_s016_16,2212,S016.16/2025,p decay mode 49,P,ae.ae.e,15,15,0,21,21,0
u,p_s016_3,2212,S016.3/2025,p decay mode 42,P,ae.hp,15,15,0,21,21,0
u,p_s016_47,2212,S016.47/2025,p decay mode 36,P,e.u.ad.u.ad,27,27,0,33,33,0
u,p_s016_54,2212,S016.54/2025,p decay mode 45,P,ae.hp.hp,15,15,0,21,21,0
u,p_s016_56,2212,S016.56/2025,p decay mode 23,P,ae.u.ad.d.au,27,27,0,33,33,0
u,p_s016_57,2212,S016.57/2025,p decay mode 24,P,ae.u.au.d.ad.u.au.d.ad,51,51,0,57,57,0
u,p_s016_6,2212,S016.6/2025,p decay mode 1,P,ae.u.au.d.ad,27,27,0,33,33,0
u,p_s016_63,2212,S016.63/2025,p decay mode 68,P,N.u.ad.u.au.d.ad,51,51,0,57,57,0
u,p_s016_81,2212,S016.81/2025,p decay mode 83,P,ae.hp,15,15,0,21,21,0
u,p_s016_82,2212,S016.82/2025,p decay mode 85,P,ae.u.au.d.ad,27,27,0,33,33,0
u,p_s016_94,2212,S016.94/2025,p decay mode 93,P,ae.hp.hp,15,15,0,21,21,0
u,phi_1680_0_m067_12,100333,M067.12/2025,phi(1680)0 decay mode 8,d2.ad2,u.ad2.au.d2.u.ad.d.au,46,46,0,46,46,0
u,phi_1680_0_m067_13,100333,M067.13/2025,phi(1680)0 decay mode 10,d2.ad2,u.au.d.ad.d2.ad2.hp,40,40,0,40,40,0
u,phi_1680_0_m067_2,100333,M067.2/2025,phi(1680)0 decay mode 11,d2.ad2,u.ad2.au.d2.u.au.d.ad,46,46,0,46,46,0
u,pbar_s016_196,-2212,S016.196/2025,pbar decay mode 56,aP,ae2.e.e,21,20,1,15,14,1
u,pbar_s016_4,-2212,S016.4/2025,pbar decay mode 43,aP,e2.hp,21,20,1,15,14,1
u,pbar_s016_41,-2212,S016.41/2025,pbar decay mode 40,aP,ae.d.au.au.d2,33,32,1,27,26,1
u,pbar_s016_48,-2212,S016.48/2025,pbar decay mode 26,aP,e2.d.au.u.ad,33,32,1,27,26,1
u,pbar_s016_49,-2212,S016.49/2025,pbar decay mode 38,aP,ae2.d.au.d.au,33,32,1,27,26,1
u,pbar_s016_55,-2212,S016.55/2025,pbar decay mode 55,aP,e2.e.ae,21,20,1,15,14,1
u,pbar_s016_59,-2212,S016.59/2025,pbar decay mode 27,aP,e2.u.au.d.ad.u.au.d.ad,57,56,1,51,50,1
u,pbar_s016_87,-2212,S016.87/2025,pbar decay mode 84,aP,e2.hp,21,20,1,15,14,1
u,pbar_s016_88,-2212,S016.88/2025,pbar decay mode 86,aP,e2.u.au.d.ad,33,32,1,27,26,1
u,pbar_s016_92,-2212,S016.92/2025,pbar decay mode 94,aP,e2.hp.hp,21,20,1,15,14,1
u,b_minus_s041_10,-521,S041.10/2025,B- decay mode 639,au.d3,au.d2.e2.ae2,25,24,1,19,18,1
u,b_minus_s041_160,-521,S041.160/2025,B- decay mode 468,au.d3,au.d2.u.ad2.au.d2,37,36,1,31,30,1
u,b_minus_s041_245,-521,S041.245/2025,B- decay mode 393,au.d3,u.au.d.ad.d2.ad2.au.d2,49,48,1,43,42,1
u,b_minus_s041_347,-521,S041.347/2025,B- decay mode 505,au.d3,d2.ad2.au.d2.hp,31,30,1,25,24,1
u,b_minus_s041_403,-521,S041.403/2025,B- decay mode 503,au.d3,u.au.d.ad.d2.ad2.au.d2.hp,55,54,1,49,48,1
u,b_minus_s041_589,-521,S041.589/2025,B- decay mode 658,au.d3,d.au.e2.ae3,25,24,1,19,18,1
u,b_minus_s041_590,-521,S041.590/2025,B- decay mode 659,au.d3,d.au.ae2.e3,25,24,1,19,18,1
u,b_minus_s041_592,-521,S041.592/2025,B- decay mode 664,au.d3,au.d2.e.ae3,25,24,1,19,18,1
u,b_minus_s041_593,-521,S041.593/2025,B- decay mode 665,au.d3,au.d2.ae.e3,25,24,1,19,18,1
u,b_minus_s041_632,-521,S041.632/2025,B- decay mode 648,au.d3,au.d2.d.au.u.ad.e2.ae2,49,48,1,43,42,1
u,b_minus_s041_797,-521,S041.797/2025,B- decay mode 478,au.d3,ad.d2.au.d2.u.ad2.d.au,49,48,1,43,42,1
u,b_minus_s041_798,-521,S041.798/2025,B- decay mode 483,au.d3,ad.d2.au.d2.au.d2.u.ad,49,48,1,43,42,1
u,b_minus_s041_8,-521,S041.8/2025,B- decay mode 469,au.d3,au.d2.d2.ad2,25,24,1,19,18,1
u,b_minus_s041_96,-521,S041.96/2025,B- decay mode 680,au.d3,u.ad2.e2.e2,25,24,1,19,18,1
u,bbar0_s042_13,-511,S042.13/2025,Bbar0 decay mode 364,ad.d3,d.ad2.d2.ad2,22,21,1,22,21,1
u,bbar0_s042_166,-511,S042.166/2025,Bbar0 decay mode 294,ad.d3,u.au.d.ad.d2.ad2.d.ad2,46,45,1,46,45,1
u,bbar0_s042_17,-511,S042.17/2025,Bbar0 decay mode 568,ad.d3,d.ad2.ae2.e2,22,21,1,22,21,1
u,bbar0_s042_283,-511,S042.283/2025,Bbar0 decay mode 403,ad.d3,d.ad2.d2.ad2.hp,28,27,1,28,27,1
u,bbar0_s042_309,-511,S042.309/2025,Bbar0 decay mode 401,ad.d3,u.au.d.ad.d2.ad2.d.ad2.hp,52,51,1,52,51,1
u,bbar0_s042_81,-511,S042.81/2025,Bbar0 decay mode 363,ad.d3,d.ad2.u.ad2.au.d2,34,33,1,34,33,1
u,k_minus_s010_1,-321,S010.1/2025,K- decay mode 2,au.d2,e2.av2,14,13,1,8,7,1
u,k_minus_s010_10,-321,S010.10/2025,K- decay mode 37,au.d2,d.au.d.au.ae2.v2,38,37,1,32,31,1
u,k_minus_s010_12,-321,S010.12/2025,K- decay mode 13,au.d2,e2.av2.hp,20,19,1,14,13,1
u,k_minus_s010_124,-321,S010.124/2025,K- decay mode 6,au.d2,u.au.d.ad.u.au.d.ad.e2.av2,62,61,1,56,55,1
u,k_minus_s010_16,-321,S010.16/2025,K- decay mode 39,au.d2,d.au.e2.ae2,26,25,1,20,19,1
u,k_minus_s010_28,-321,S010.28/2025,K- decay mode 20,au.d2,u.au.d.ad.e2.av2.hp,44,43,1,38,37,1
u,k_minus_s010_30,-321,S010.30/2025,K- decay mode 33,au.d2,e2.av2.e.ae,26,25,1,20,19,1
u,k_minus_s010_46,-321,S010.46/2025,K- decay mode 52,au.d2,u.ad.e2.e2,26,25,1,20,19,1
u,k_minus_s010_48,-321,S010.48/2025,K- decay mode 34,au.d2,e.av.e2.ae2,26,25,1,20,19,1
u,k_minus_s010_5,-321,S010.5/2025,K- decay mode 4,au.d2,u.au.d.ad.e2.av2,38,37,1,32,31,1
u,k_minus_s010_9,-321,S010.9/2025,K- decay mode 8,au.d2,d.au.u.ad.e2.av2,38,37,1,32,31,1
u,pi_minus_s008_7,-211,S008.7/2025,pi- decay mode 9,d.au,e2.v,15,14,1,9,8,1
u,pi_minus_s008_8,-211,S008.8/2025,pi- decay mode 10,d.au,e2.av,15,14,1,9,8,1
u,tau_plus_s035_114,-15,S035.114/2025,tau+ decay mode 195,ae3,ae2.u.au.d.ad.d2.ad2,37,36,1,43,42,1
u,tau_plus_s035_117,-15,S035.117/2025,tau+ decay mode 36,ae3,u.ad.d.ad2.av3,25,24,1,31,30,1
u,tau_plus_s035_118,-15,S035.118/2025,tau+ decay mode 41,ae3,u.ad.d.ad2.u.au.d.ad.av3,49,48,1,55,54,1
u,tau_plus_s035_182,-15,S035.182/2025,tau+ decay mode 16,ae3,u.ad2.u.au.d.ad.av3,37,36,1,43,42,1
u,tau_plus_s035_229,-15,S035.229/2025,tau+ decay mode 237,ae3,ae2.u.au.d.ad.u.au.d.ad.d2.ad2,61,60,1,67,66,1
u,tau_plus_s035_245,-15,S035.245/2025,tau+ decay mode 95,ae3,u.ad2.d.au.u.ad.av3,37,36,1,43,42,1
u,tau_plus_s035_246,-15,S035.246/2025,tau+ decay mode 99,ae3,u.ad2.d.au.u.ad.u.au.d.ad.av3,61,60,1,67,66,1
u,tau_plus_s035_253,-15,S035.253/2025,tau+ decay mode 230,ae3,ae2.au.d2.u.ad2,25,24,1,31,30,1
u,tau_plus_s035_254,-15,S035.254/2025,tau+ decay mode 231,ae3,e2.u.ad2.u.ad2,25,24,1,31,30,1
u,tau_plus_s035_256,-15,S035.256/2025,tau+ decay mode 209,ae3,ae2.d2.ad2,13,12,1,19,18,1
u,tau_plus_s035_328,-15,S035.328/2025,tau+ decay mode 121,ae3,au.d2.u.ad.u.ad.u.ad.d.au.av3,61,60,1,67,66,1
u,tau_plus_s035_331,-15,S035.331/2025,tau+ decay mode 128,ae3,au.d2.u.ad.u.ad.u.ad.d.au.u.au.d.ad.av3,85,84,1,91,90,1
u,tau_plus_s035_35,-15,S035.35/2025,tau+ decay mode 215,ae3,ae2.e2.ae2,13,12,1,19,18,1
u,tau_plus_s035_7,-15,S035.7/2025,tau+ decay mode 10,ae3,u.ad2.av3,13,12,1,19,18,1
u,tau_minus_s035_114,15,S035.114/2025,tau- decay mode 195,e3,e2.u.au.d.ad.d2.ad2,43,42,1,37,36,1
u,tau_minus_s035_117,15,S035.117/2025,tau- decay mode 36,e3,d.au.ad.d2.v3,31,30,1,25,24,1
u,tau_minus_s035_118,15,S035.118/2025,tau- decay mode 41,e3,d.au.ad.d2.u.au.d.ad.v3,55,54,1,49,48,1
u,tau_minus_s035_182,15,S035.182/2025,tau- decay mode 16,e3,au.d2.u.au.d.ad.v3,43,42,1,37,36,1
u,tau_minus_s035_229,15,S035.229/2025,tau- decay mode 237,e3,e2.u.au.d.ad.u.au.d.ad.d2.ad2,67,66,1,61,60,1
u,tau_minus_s035_245,15,S035.245/2025,tau- decay mode 95,e3,au.d2.u.ad.d.au.v3,43,42,1,37,36,1
u,tau_minus_s035_246,15,S035.246/2025,tau- decay mode 99,e3,au.d2.u.ad.d.au.u.au.d.ad.v3,67,66,1,61,60,1
u,tau_minus_s035_253,15,S035.253/2025,tau- decay mode 230,e3,e2.u.ad2.au.d2,31,30,1,25,24,1
u,tau_minus_s035_254,15,S035.254/2025,tau- decay mode 231,e3,ae2.au.d2.au.d2,31,30,1,25,24,1
u,tau_minus_s035_256,15,S035.256/2025,tau- decay mode 209,e3,e2.d2.ad2,19,18,1,13,12,1
u,tau_minus_s035_328,15,S035.328/2025,tau- decay mode 121,e3,u.ad2.d.au.d.au.d.au.u.ad.v3,67,66,1,61,60,1
u,tau_minus_s035_331,15,S035.331/2025,tau- decay mode 128,e3,u.ad2.d.au.d.au.d.au.u.ad.u.au.d.ad.v3,91,90,1,85,84,1
u,tau_minus_s035_35,15,S035.35/2025,tau- decay mode 215,e3,e2.ae2.e2,19,18,1,13,12,1
u,tau_minus_s035_41,15,S035.41/2025,tau- decay mode 193,e3,e2.d.ad2.ad.d2,31,30,1,25,24,1
u,tau_minus_s035_7,15,S035.7/2025,tau- decay mode 10,e3,au.d2.v3,19,18,1,13,12,1
u,pi0_s009_14,111,S009.14/2025,pi0 decay mode 13,u.au.d.ad,ae2.e,24,23,1,24,23,1
u,pi0_s009_22,111,S009.22/2025,pi0 decay mode 14,u.au.d.ad,e2.ae,24,23,1,24,23,1
u,pi_plus_s008_7,211,S008.7/2025,pi+ decay mode 9,u.ad,ae2.av,9,8,1,15,14,1
u,pi_plus_s008_8,211,S008.8/2025,pi+ decay mode 10,u.ad,ae2.v,9,8,1,15,14,1
u,k_plus_s010_1,321,S010.1/2025,K+ decay mode 2,u.ad2,ae2.v2,8,7,1,14,13,1
u,k_plus_s010_10,321,S010.10/2025,K+ decay mode 37,u.ad2,u.ad.u.ad.e2.av2,32,31,1,38,37,1
u,k_plus_s010_12,321,S010.12/2025,K+ decay mode 13,u.ad2,ae2.v2.hp,14,13,1,20,19,1
u,k_plus_s010_124,321,S010.124/2025,K+ decay mode 6,u.ad2,u.au.d.ad.u.au.d.ad.ae2.v2,56,55,1,62,61,1
u,k_plus_s010_16,321,S010.16/2025,K+ decay mode 39,u.ad2,u.ad.ae2.e2,20,19,1,26,25,1
u,k_plus_s010_28,321,S010.28/2025,K+ decay mode 20,u.ad2,u.au.d.ad.ae2.v2.hp,38,37,1,44,43,1
u,k_plus_s010_30,321,S010.30/2025,K+ decay mode 33,u.ad2,ae2.v2.ae.e,20,19,1,26,25,1
u,k_plus_s010_46,321,S010.46/2025,K+ decay mode 52,u.ad2,d.au.ae2.ae2,20,19,1,26,25,1
u,k_plus_s010_48,321,S010.48/2025,K+ decay mode 34,u.ad2,ae.v.ae2.e2,20,19,1,26,25,1
u,k_plus_s010_5,321,S010.5/2025,K+ decay mode 4,u.ad2,u.au.d.ad.ae2.v2,32,31,1,38,37,1
u,k_plus_s010_9,321,S010.9/2025,K+ decay mode 8,u.ad2,u.ad.d.au.ae2.v2,32,31,1,38,37,1
u,b0_s042_13,511,S042.13/2025,B0 decay mode 364,d.ad3,d.ad2.d2.ad2,22,21,1,22,21,1
u,b0_s042_166,511,S042.166/2025,B0 decay mode 294,d.ad3,u.au.d.ad.d2.ad2.d.ad2,46,45,1,46,45,1
u,b0_s042_17,511,S042.17/2025,B0 decay mode 568,d.ad3,d.ad2.ae2.e2,22,21,1,22,21,1
u,b0_s042_283,511,S042.283/2025,B0 decay mode 403,d.ad3,d.ad2.d2.ad2.hp,28,27,1,28,27,1
u,b0_s042_309,511,S042.309/2025,B0 decay mode 401,d.ad3,u.au.d.ad.d2.ad2.d.ad2.hp,52,51,1,52,51,1
u,b0_s042_81,511,S042.81/2025,B0 decay mode 363,d.ad3,d.ad2.u.ad2.au.d2,34,33,1,34,33,1
u,b_plus_s041_10,521,S041.10/2025,B+ decay mode 639,u.ad3,u.ad2.ae2.e2,19,18,1,25,24,1
u,b_plus_s041_160,521,S041.160/2025,B+ decay mode 468,u.ad3,u.ad2.au.d2.u.ad2,31,30,1,37,36,1
u,b_plus_s041_245,521,S041.245/2025,B+ decay mode 393,u.ad3,u.au.d.ad.d2.ad2.u.ad2,43,42,1,49,48,1
u,b_plus_s041_347,521,S041.347/2025,B+ decay mode 505,u.ad3,d2.ad2.u.ad2.hp,25,24,1,31,30,1
u,b_plus_s041_403,521,S041.403/2025,B+ decay mode 503,u.ad3,u.au.d.ad.d2.ad2.u.ad2.hp,49,48,1,55,54,1
u,b_plus_s041_589,521,S041.589/2025,B+ decay mode 658,u.ad3,u.ad.ae2.e3,19,18,1,25,24,1
u,b_plus_s041_590,521,S041.590/2025,B+ decay mode 659,u.ad3,u.ad.e2.ae3,19,18,1,25,24,1
u,b_plus_s041_592,521,S041.592/2025,B+ decay mode 664,u.ad3,u.ad2.ae.e3,19,18,1,25,24,1
u,b_plus_s041_593,521,S041.593/2025,B+ decay mode 665,u.ad3,u.ad2.e.ae3,19,18,1,25,24,1
u,b_plus_s041_632,521,S041.632/2025,B+ decay mode 648,u.ad3,u.ad2.u.ad.d.au.ae2.e2,43,42,1,49,48,1
u,b_plus_s041_797,521,S041.797/2025,B+ decay mode 478,u.ad3,d.ad2.u.ad2.au.d2.u.ad,43,42,1,49,48,1
u,b_plus_s041_798,521,S041.798/2025,B+ decay mode 483,u.ad3,d.ad2.u.ad2.u.ad2.d.au,43,42,1,49,48,1
u,b_plus_s041_8,521,S041.8/2025,B+ decay mode 469,u.ad3,u.ad2.d2.ad2,19,18,1,25,24,1
u,b_plus_s041_96,521,S041.96/2025,B+ decay mode 680,u.ad3,au.d2.ae2.ae2,19,18,1,25,24,1
u,p_s016_196,2212,S016.196/2025,p decay mode 56,P,e2.ae.ae,15,14,1,21,20,1
u,p_s016_4,2212,S016.4/2025,p decay mode 43,P,ae2.hp,15,14,1,21,20,1
u,p_s016_41,2212,S016.41/2025,p decay mode 40,P,e.u.ad.u.ad2,27,26,1,33,32,1
u,p_s016_48,2212,S016.48/2025,p decay mode 26,P,ae2.u.ad.d.au,27,26,1,33,32,1
u,p_s016_49,2212,S016.49/2025,p decay mode 38,P,e2.u.ad.u.ad,27,26,1,33,32,1
u,p_s016_55,2212,S016.55/2025,p decay mode 55,P,ae2.ae.e,15,14,1,21,20,1
u,p_s016_59,2212,S016.59/2025,p decay mode 27,P,ae2.u.au.d.ad.u.au.d.ad,51,50,1,57,56,1
u,p_s016_7,2212,S016.7/2025,p decay mode 2,P,ae2.u.au.d.ad,27,26,1,33,32,1
u,p_s016_87,2212,S016.87/2025,p decay mode 84,P,ae2.hp,15,14,1,21,20,1
u,p_s016_88,2212,S016.88/2025,p decay mode 86,P,ae2.u.au.d.ad,27,26,1,33,32,1
u,p_s016_92,2212,S016.92/2025,p decay mode 94,P,ae2.hp.hp,15,14,1,21,20,1
u,pbar_s016_22,-2212,S016.22/2025,pbar decay mode 4,aP,e.u.au.d.ad.d2.ad2,45,43,2,39,37,2
u,pbar_s016_42,-2212,S016.42/2025,pbar decay mode 41,aP,ae2.d.au.au.d2,33,31,2,27,25,2
u,pbar_s016_45,-2212,S016.45/2025,pbar decay mode 50,aP,e.e2.ae2,21,19,2,15,13,2
u,pbar_s016_46,-2212,S016.46/2025,pbar decay mode 59,aP,ae.e2.e2,21,19,2,15,13,2
u,pbar_s016_83,-2212,S016.83/2025,pbar decay mode 87,aP,e.u.au.d.ad.d2.ad2,45,43,2,39,37,2
u,pbar_s016_84,-2212,S016.84/2025,pbar decay mode 89,aP,e.d.ad2.ad.d2,33,31,2,27,25,2
u,pbar_s016_85,-2212,S016.85/2025,pbar decay mode 91,aP,e.d.ad2.ad.d2,33,31,2,27,25,2
u,b_minus_s041_184,-521,S041.184/2025,B- decay mode 41,au.d3,e3.av3,13,11,2,7,5,2
u,b_minus_s041_595,-521,S041.595/2025,B- decay mode 667,au.d3,au.d2.e2.ae3,25,23,2,19,17,2
u,b_minus_s041_596,-521,S041.596/2025,B- decay mode 668,au.d3,au.d2.ae2.e3,25,23,2,19,17,2
u,b_minus_s041_729,-521,S041.729/2025,B- decay mode 45,au.d3,e2.ae2.e2.av2,25,23,2,19,17,2
u,bbar0_s042_139,-511,S042.139/2025,Bbar0 decay mode 426,ad.d3,u.au.d.ad.d2.ad2.u.au.d.ad.d2.ad2,70,68,2,70,68,2
u,bbar0_s042_147,-511,S042.147/2025,Bbar0 decay mode 446,ad.d3,d2.ad2.d2.ad2,22,20,2,22,20,2
u,bbar0_s042_179,-511,S042.179/2025,Bbar0 decay mode 440,ad.d3,d2.ad2.u.au.d.ad.d2.ad2,46,44,2,46,44,2
u,bbar0_s042_336,-511,S042.336/2025,Bbar0 decay mode 554,ad.d3,ae3.e3,10,8,2,10,8,2
u,bbar0_s042_458,-511,S042.458/2025,Bbar0 decay mode 360,ad.d3,d.ad2.ad.d2.d.ad2.ad.d2.u.au.d.ad,70,68,2,70,68,2
u,bbar0_s042_520,-511,S042.520/2025,Bbar0 decay mode 560,ad.d3,u.au.d.ad.d2.ad2.ae2.e2,46,44,2,46,44,2
u,bbar0_s042_521,-511,S042.521/2025,Bbar0 decay mode 551,ad.d3,ae2.e2.ae2.e2,22,20,2,22,20,2
u,bbar0_s042_548,-511,S042.548/2025,Bbar0 decay mode 25,ad.d3,d.au.ae3.v3,22,20,2,22,20,2
u,bbar0_s042_614,-511,S042.614/2025,Bbar0 decay mode 581,ad.d3,d2.ad2.ae2.e2,22,20,2,22,20,2
u,pi_minus_s008_1,-211,S008.1/2025,pi- decay mode 1,d.au,e2.av2,15,13,2,9,7,2
u,pi_minus_s008_3,-211,S008.3/2025,pi- decay mode 2,d.au,e2.av2.hp,21,19,2,15,13,2
u,tau_plus_s035_1,-15,S035.1/2025,tau+ decay mode 3,ae3,ae2.v2.av3,13,11,2,19,17,2
u,tau_plus_s035_119,-15,S035.119/2025,tau+ decay mode 43,ae3,u.ad2.ad.d2.u.au.d.ad.av3,49,47,2,55,53,2
u,tau_plus_s035_14,-15,S035.14/2025,tau+ decay mode 149,ae3,u.au.d.ad.d2.ad2.u.ad.av3,49,47,2,55,53,2
u,tau_plus_s035_141,-15,S035.141/2025,tau+ decay mode 47,ae3,u.ad.ad.d2.d.ad2.av3,37,35,2,43,41,2
u,tau_plus_s035_207,-15,S035.207/2025,tau+ decay mode 169,ae3,d2.ad2.u.ad.av3,25,23,2,31,29,2
u,tau_plus_s035_211,-15,S035.211/2025,tau+ decay mode 113,ae3,ae2.ae.e.v2.av3,25,23,2,31,29,2
u,tau_plus_s035_226,-15,S035.226/2025,tau+ decay mode 234,ae3,ae.u.au.d.ad.d2.ad2.u.au.d.ad.d2.ad2,73,71,2,79,77,2
u,tau_plus_s035_239,-15,S035.239/2025,tau+ decay mode 46,ae3,u.ad2.ad.d2.u.au.d.ad.u.au.d.ad.av3,73,71,2,79,77,2
u,tau_plus_s035_247,-15,S035.247/2025,tau+ decay mode 107,ae3,u.ad2.au.d2.u.ad.u.au.d.ad.av3,61,59,2,67,65,2
u,tau_plus_s035_278,-15,S035.278/2025,tau+ decay mode 51,ae3,u.ad.ad.d2.d.ad2.u.au.d.ad.av3,61,59,2,67,65,2
u,tau_plus_s035_329,-15,S035.329/2025,tau+ decay mode 122,ae3,au.d2.u.ad2.u.ad.u.ad.d.au.av3,61,59,2,67,65,2
u,tau_plus_s035_349,-15,S035.349/2025,tau+ decay mode 115,ae3,u.ad.ae2.e2.av3,25,23,2,31,29,2
u,tau_plus_s035_5,-15,S035.5/2025,tau+ decay mode 106,ae3,u.ad2.au.d2.u.ad.av3,37,35,2,43,41,2
u,tau_plus_s035_58,-15,S035.58/2025,tau+ decay mode 150,ae3,u.au.d.ad.d2.ad2.u.ad.u.au.d.ad.av3,73,71,2,79,77,2
u,tau_plus_s035_62,-15,S035.62/2025,tau+ decay mode 38,ae3,u.ad2.ad.d2.av3,25,23,2,31,29,2
u,tau_plus_s035_68,-15,S035.68/2025,tau+ decay mode 151,ae3,u.au.d.ad.d2.ad2.u.ad.u.au.d.ad.u.au.d.ad.av3,97,95,2,103,101,2
u,tau_plus_s035_76,-15,S035.76/2025,tau+ decay mode 4,ae3,ae2.v2.av3.hp,19,17,2,25,23,2
u,phi_2170_0_m103_17,0,M103.17/2025,phi(2170)0 decay mode 6,d2.ad2,d.ad2.ad.d2.d.ad2.ad.d2,46,44,2,46,44,2
u,phi_2170_minus_m103_17,0,M103.17/2025,phi(2170)- decay mode 6,d2.ad2,d.ad2.ad.d2.d.ad2.ad.d2,46,44,2,46,44,2
u,phi_2170_plus_m103_17,0,M103.17/2025,phi(2170)+ decay mode 6,d2.ad2,d.ad2.ad.d2.d.ad2.ad.d2,46,44,2,46,44,2
u,phi_2170_0_m103_5,0,M103.5/2025,phi(2170)0 decay mode 2,d2.ad2,d2.ad2.u.au.d.ad.d2.ad2,46,44,2,46,44,2
u,phi_2170_minus_m103_5,0,M103.5/2025,phi(2170)- decay mode 2,d2.ad2,d2.ad2.u.au.d.ad.d2.ad2,46,44,2,46,44,2
u,phi_2170_plus_m103_5,0,M103.5/2025,phi(2170)+ decay mode 2,d2.ad2,d2.ad2.u.au.d.ad.d2.ad2,46,44,2,46,44,2
u,tau_minus_s035_1,15,S035.1/2025,tau- decay mode 3,e3,e2.av2.v3,19,17,2,13,11,2
u,tau_minus_s035_119,15,S035.119/2025,tau- decay mode 43,e3,au.d2.d.ad2.u.au.d.ad.v3,55,53,2,49,47,2
u,tau_minus_s035_14,15,S035.14/2025,tau- decay mode 149,e3,u.au.d.ad.d2.ad2.d.au.v3,55,53,2,49,47,2
u,tau_minus_s035_141,15,S035.141/2025,tau- decay mode 47,e3,d.au.d.ad2.ad.d2.v3,43,41,2,37,35,2
u,tau_minus_s035_207,15,S035.207/2025,tau- decay mode 169,e3,d2.ad2.d.au.v3,31,29,2,25,23,2
u,tau_minus_s035_211,15,S035.211/2025,tau- decay mode 113,e3,e2.e.ae.av2.v3,31,29,2,25,23,2
u,tau_minus_s035_226,15,S035.226/2025,tau- decay mode 234,e3,e.u.au.d.ad.d2.ad2.u.au.d.ad.d2.ad2,79,77,2,73,71,2
u,tau_minus_s035_239,15,S035.239/2025,tau- decay mode 46,e3,au.d2.d.ad2.u.au.d.ad.u.au.d.ad.v3,79,77,2,73,71,2
u,tau_minus_s035_247,15,S035.247/2025,tau- decay mode 107,e3,au.d2.u.ad2.d.au.u.au.d.ad.v3,67,65,2,61,59,2
u,tau_minus_s035_278,15,S035.278/2025,tau- decay mode 51,e3,d.au.d.ad2.ad.d2.u.au.d.ad.v3,67,65,2,61,59,2
u,tau_minus_s035_288,15,S035.288/2025,tau- decay mode 223,e3,e.d.ad2.ad.d2.d.ad2.ad.d2,55,53,2,49,47,2
u,tau_minus_s035_329,15,S035.329/2025,tau- decay mode 122,e3,u.ad2.au.d2.d.au.d.au.u.ad.v3,67,65,2,61,59,2
u,tau_minus_s035_349,15,S035.349/2025,tau- decay mode 115,e3,d.au.e2.ae2.v3,31,29,2,25,23,2
u,tau_minus_s035_5,15,S035.5/2025,tau- decay mode 106,e3,au.d2.u.ad2.d.au.v3,43,41,2,37,35,2
u,tau_minus_s035_58,15,S035.58/2025,tau- decay mode 150,e3,u.au.d.ad.d2.ad2.d.au.u.au.d.ad.v3,79,77,2,73,71,2
u,tau_minus_s035_62,15,S035.62/2025,tau- decay mode 38,e3,au.d2.d.ad2.v3,31,29,2,25,23,2
u,tau_minus_s035_68,15,S035.68/2025,tau- decay mode 151,e3,u.au.d.ad.d2.ad2.d.au.u.au.d.ad.u.au.d.ad.v3,103,101,2,97,95,2
u,tau_minus_s035_76,15,S035.76/2025,tau- decay mode 4,e3,e2.av2.v3.hp,25,23,2,19,17,2
u,pi0_s009_12,111,S009.12/2025,pi0 decay mode 9,u.au.d.ad,v2.av2,24,22,2,24,22,2
u,pi_plus_s008_3,211,S008.3/2025,pi+ decay mode 2,u.ad,ae2.v2.hp,15,13,2,21,19,2
u,eta_s014_110,221,S014.110/2025,eta decay mode 18,u.au.d.ad.d2.ad2,ae2.ae2.e2.e2,34,32,2,34,32,2
u,phi_1020_0_m004_2,333,M004.2/2025,phi(1020)0 decay mode 2,d2.ad2,d.ad2.ad.d2.d.ad2.ad.d2,46,44,2,46,44,2
u,phi_1020_0_m004_26,333,M004.26/2025,phi(1020)0 decay mode 29,d2.ad2,u.au.d.ad.d2.ad2.ae2.e2,46,44,2,46,44,2
u,b0_s042_139,511,S042.139/2025,B0 decay mode 426,d.ad3,u.au.d.ad.d2.ad2.u.au.d.ad.d2.ad2,70,68,2,70,68,2
u,b0_s042_147,511,S042.147/2025,B0 decay mode 446,d.ad3,d2.ad2.d2.ad2,22,20,2,22,20,2
u,b0_s042_179,511,S042.179/2025,B0 decay mode 440,d.ad3,d2.ad2.u.au.d.ad.d2.ad2,46,44,2,46,44,2
u,b0_s042_336,511,S042.336/2025,B0 decay mode 554,d.ad3,ae3.e3,10,8,2,10,8,2
u,b0_s042_458,511,S042.458/2025,B0 decay mode 360,d.ad3,d.ad2.ad.d2.d.ad2.ad.d2.u.au.d.ad,70,68,2,70,68,2
u,b0_s042_520,511,S042.520/2025,B0 decay mode 560,d.ad3,u.au.d.ad.d2.ad2.ae2.e2,46,44,2,46,44,2
u,b0_s042_521,511,S042.521/2025,B0 decay mode 551,d.ad3,ae2.e2.ae2.e2,22,20,2,22,20,2
u,b0_s042_548,511,S042.548/2025,B0 decay mode 25,d.ad3,d.au.ae3.v3,22,20,2,22,20,2
u,b0_s042_614,511,S042.614/2025,B0 decay mode 581,d.ad3,d2.ad2.ae2.e2,22,20,2,22,20,2
u,b_plus_s041_184,521,S041.184/2025,B+ decay mode 41,u.ad3,ae3.v3,7,5,2,13,11,2
u,b_plus_s041_324,521,S041.324/2025,B+ decay mode 454,u.ad3,d.ad2.ad.d2.d.ad2.ad.d2.u.ad,55,53,2,61,59,2
u,b_plus_s041_595,521,S041.595/2025,B+ decay mode 667,u.ad3,u.ad2.ae2.e3,19,17,2,25,23,2
u,b_plus_s041_596,521,S041.596/2025,B+ decay mode 668,u.ad3,u.ad2.e2.ae3,19,17,2,25,23,2
u,b_plus_s041_729,521,S041.729/2025,B+ decay mode 45,u.ad3,ae2.e2.ae2.v2,19,17,2,25,23,2
u,p_s016_22,2212,S016.22/2025,p decay mode 4,P,ae.u.au.d.ad.d2.ad2,39,37,2,45,43,2
u,p_s016_42,2212,S016.42/2025,p decay mode 41,P,e2.u.ad.u.ad2,27,25,2,33,31,2
u,p_s016_45,2212,S016.45/2025,p decay mode 50,P,ae.ae2.e2,15,13,2,21,19,2
u,p_s016_46,2212,S016.46/2025,p decay mode 59,P,e.ae2.ae2,15,13,2,21,19,2
u,p_s016_50,2212,S016.50/2025,p decay mode 14,P,ae.d.ad2.ad.d2,27,25,2,33,31,2
u,p_s016_51,2212,S016.51/2025,p decay mode 15,P,ae.d.ad2.ad.d2,27,25,2,33,31,2
u,p_s016_83,2212,S016.83/2025,p decay mode 87,P,ae.u.au.d.ad.d2.ad2,39,37,2,45,43,2
u,phi_1680_0_m067_10,100333,M067.10/2025,phi(1680)0 decay mode 9,d2.ad2,u.au.d.ad.d2.ad2.d2.ad2,46,44,2,46,44,2
u,phi_1680_0_m067_9,100333,M067.9/2025,phi(1680)0 decay mode 4,d2.ad2,d.ad2.ad.d2.d.ad2.ad.d2,46,44,2,46,44,2
u,pbar_s016_17,-2212,S016.17/2025,pbar decay mode 57,aP,e2.e2.ae2,21,18,3,15,12,3
u,pbar_s016_23,-2212,S016.23/2025,pbar decay mode 5,aP,e2.u.au.d.ad.d2.ad2,45,42,3,39,36,3
u,pbar_s016_89,-2212,S016.89/2025,pbar decay mode 88,aP,e2.u.au.d.ad.d2.ad2,45,42,3,39,36,3
u,pbar_s016_90,-2212,S016.90/2025,pbar decay mode 90,aP,e2.d.ad2.ad.d2,33,30,3,27,24,3
u,pbar_s016_91,-2212,S016.91/2025,pbar decay mode 92,aP,e2.d.ad2.ad.d2,33,30,3,27,24,3
u,b_minus_s041_325,-521,S041.325/2025,B- decay mode 497,au.d3,au.d2.d2.ad2.d2.ad2,37,34,3,31,28,3
u,b_minus_s041_633,-521,S041.633/2025,B- decay mode 650,au.d3,d2.ad2.au.d2.e2.ae2,37,34,3,31,28,3
u,b_minus_s041_690,-521,S041.690/2025,B- decay mode 641,au.d3,au.d2.e3.ae3,25,22,3,19,16,3
u,bbar0_s042_345,-511,S042.345/2025,Bbar0 decay mode 399,ad.d3,d.ad2.d2.ad2.d2.ad2,34,31,3,34,31,3
u,k_minus_s010_117,-321,S010.117/2025,K- decay mode 35,au.d2,e2.av2.e2.ae2,26,23,3,20,17,3
u,tau_plus_s035_109,-15,S035.109/2025,tau+ decay mode 152,ae3,u.au.d.ad.d2.ad2.u.ad2.av3,49,46,3,55,52,3
u,tau_plus_s035_223,-15,S035.223/2025,tau+ decay mode 170,ae3,d2.ad2.u.ad2.av3,25,22,3,31,28,3
u,tau_plus_s035_227,-15,S035.227/2025,tau+ decay mode 235,ae3,ae2.u.au.d.ad.d2.ad2.u.au.d.ad.d2.ad2,73,70,3,79,76,3
u,tau_plus_s035_248,-15,S035.248/2025,tau+ decay mode 108,ae3,u.ad2.au.d2.u.ad2.av3,37,34,3,43,40,3
u,tau_plus_s035_266,-15,S035.266/2025,tau+ decay mode 154,ae3,u.au.d.ad.d2.ad2.u.ad2.u.au.d.ad.av3,73,70,3,79,76,3
u,tau_plus_s035_267,-15,S035.267/2025,tau+ decay mode 156,ae3,u.au.d.ad.d2.ad2.d.ad2.u.ad.av3,61,58,3,67,64,3
u,tau_plus_s035_296,-15,S035.296/2025,tau+ decay mode 110,ae3,u.ad2.au.d2.u.ad2.u.au.d.ad.av3,61,58,3,67,64,3
u,tau_plus_s035_310,-15,S035.310/2025,tau+ decay mode 157,ae3,u.au.d.ad.d2.ad2.d.ad2.u.ad.u.au.d.ad.av3,85,82,3,91,88,3
u,tau_minus_s035_109,15,S035.109/2025,tau- decay mode 152,e3,u.au.d.ad.d2.ad2.au.d2.v3,55,52,3,49,46,3
u,tau_minus_s035_223,15,S035.223/2025,tau- decay mode 170,e3,d2.ad2.au.d2.v3,31,28,3,25,22,3
u,tau_minus_s035_227,15,S035.227/2025,tau- decay mode 235,e3,e2.u.au.d.ad.d2.ad2.u.au.d.ad.d2.ad2,79,76,3,73,70,3
u,tau_minus_s035_248,15,S035.248/2025,tau- decay mode 108,e3,au.d2.u.ad2.au.d2.v3,43,40,3,37,34,3
u,tau_minus_s035_266,15,S035.266/2025,tau- decay mode 154,e3,u.au.d.ad.d2.ad2.au.d2.u.au.d.ad.v3,79,76,3,73,70,3
u,tau_minus_s035_267,15,S035.267/2025,tau- decay mode 156,e3,u.au.d.ad.d2.ad2.ad.d2.d.au.v3,67,64,3,61,58,3
u,tau_minus_s035_289,15,S035.289/2025,tau- decay mode 229,e3,e2.d.ad2.ad.d2.d.ad2.ad.d2,55,52,3,49,46,3
u,tau_minus_s035_296,15,S035.296/2025,tau- decay mode 110,e3,au.d2.u.ad2.au.d2.u.au.d.ad.v3,67,64,3,61,58,3
u,tau_minus_s035_310,15,S035.310/2025,tau- decay mode 157,e3,u.au.d.ad.d2.ad2.ad.d2.d.au.u.au.d.ad.v3,91,88,3,85,82,3
u,k_plus_s010_117,321,S010.117/2025,K+ decay mode 35,u.ad2,ae2.v2.ae2.e2,20,17,3,26,23,3
u,b0_s042_345,511,S042.345/2025,B0 decay mode 399,d.ad3,d.ad2.d2.ad2.d2.ad2,34,31,3,34,31,3
u,b_plus_s041_323,521,S041.323/2025,B+ decay mode 450,u.ad3,u.ad2.d.ad2.ad.d2.d.ad2.ad.d2,55,52,3,61,58,3
u,b_plus_s041_325,521,S041.325/2025,B+ decay mode 497,u.ad3,u.ad2.d2.ad2.d2.ad2,31,28,3,37,34,3
u,b_plus_s041_633,521,S041.633/2025,B+ decay mode 650,u.ad3,d2.ad2.u.ad2.ae2.e2,31,28,3,37,34,3
u,b_plus_s041_690,521,S041.690/2025,B+ decay mode 641,u.ad3,u.ad2.ae3.e3,19,16,3,25,22,3
u,p_s016_17,2212,S016.17/2025,p decay mode 57,P,ae2.ae2.e2,15,12,3,21,18,3
u,p_s016_23,2212,S016.23/2025,p decay mode 5,P,ae2.u.au.d.ad.d2.ad2,39,36,3,45,42,3
u,p_s016_52,2212,S016.52/2025,p decay mode 17,P,ae2.d.ad2.ad.d2,27,24,3,33,30,3
u,p_s016_53,2212,S016.53/2025,p decay mode 18,P,ae2.d.ad2.ad.d2,27,24,3,33,30,3
u,p_s016_89,2212,S016.89/2025,p decay mode 88,P,ae2.u.au.d.ad.d2.ad2,39,36,3,45,42,3
u,pbar_s016_192,-2212,S016.192/2025,pbar decay mode 77,aP,aN.e3.v3,33,29,4,27,23,4
u,b_minus_s041_138,-521,S041.138/2025,B- decay mode 29,au.d3,u.au.d.ad.e.av,43,39,4,37,33,4
u,b_minus_s041_16,-521,S041.16/2025,B- decay mode 519,au.d3,d.au.u.au.d.ad,43,39,4,37,33,4
u,b_minus_s041_182,-521,S041.182/2025,B- decay mode 39,au.d3,e.av,19,15,4,13,9,4
u,b_minus_s041_21,-521,S041.21/2025,B- decay mode 563,au.d3,aP.P.d.au,55,51,4,49,45,4
u,b_minus_s041_22,-521,S041.22/2025,B- decay mode 566,au.d3,aP.P.d.au.d.au.u.ad,79,75,4,73,69,4
u,b_minus_s041_234,-521,S041.234/2025,B- decay mode 43,au.d3,e.av.hp,25,21,4,19,15,4
u,b_minus_s041_319,-521,S041.319/2025,B- decay mode 38,au.d3,aP.P.e.av,55,51,4,49,45,4
u,b_minus_s041_63,-521,S041.63/2025,B- decay mode 520,au.d3,d.au.d.au.u.ad,43,39,4,37,33,4
u,b_minus_s041_73,-521,S041.73/2025,B- decay mode 530,au.d3,d.au.u.au.d.ad.u.au.d.ad,67,63,4,61,57,4
u,b_minus_s041_744,-521,S041.744/2025,B- decay mode 565,au.d3,aP.P.d.au.u.au.d.ad,79,75,4,73,69,4
u,b_minus_s041_75,-521,S041.75/2025,B- decay mode 535,au.d3,d.au.u.ad.d.au.u.au.d.ad,67,63,4,61,57,4
u,b_minus_s041_808,-521,S041.808/2025,B- decay mode 570,au.d3,aP.N.u.au.d.ad,67,63,4,61,57,4
u,b_minus_s041_81,-521,S041.81/2025,B- decay mode 550,au.d3,d.au.d.au.d.au.u.ad.u.ad,67,63,4,61,57,4
u,b_minus_s041_83,-521,S041.83/2025,B- decay mode 555,au.d3,d.au.d.au.d.au.u.ad.u.ad.u.au.d.ad,91,87,4,85,81,4
u,b_minus_s041_85,-521,S041.85/2025,B- decay mode 631,au.d3,d.au.e.ae,31,27,4,25,21,4
u,b_minus_s041_91,-521,S041.91/2025,B- decay mode 673,au.d3,u.ad.e.e,31,27,4,25,21,4
u,bbar0_s042_137,-511,S042.137/2025,Bbar0 decay mode 424,ad.d3,u.au.d.ad.u.au.d.ad,52,48,4,52,48,4
u,bbar0_s042_141,-511,S042.141/2025,Bbar0 decay mode 546,ad.d3,hp.hp,16,12,4,16,12,4
u,bbar0_s042_255,-511,S042.255/2025,Bbar0 decay mode 370,ad.d3,d.ad2.ad.d2.d.ad2.ad.d2.d.ad2.ad.d2,70,66,4,70,66,4
u,bbar0_s042_29,-511,S042.29/2025,Bbar0 decay mode 475,ad.d3,P.aP,40,36,4,40,36,4
u,bbar0_s042_32,-511,S042.32/2025,Bbar0 decay mode 476,ad.d3,P.aP.u.ad.d.au,64,60,4,64,60,4
u,bbar0_s042_339,-511,S042.339/2025,Bbar0 decay mode 375,ad.d3,d.ad2.ad.d2.d.ad2.ad.d2.d.ad2.ad.d2,70,66,4,70,66,4
u,bbar0_s042_380,-511,S042.380/2025,Bbar0 decay mode 556,ad.d3,u.au.d.ad.ae.e,40,36,4,40,36,4
u,bbar0_s042_404,-511,S042.404/2025,Bbar0 decay mode 548,ad.d3,ae.e.hp,22,18,4,22,18,4
u,bbar0_s042_459,-511,S042.459/2025,Bbar0 decay mode 361,ad.d3,d.ad2.ad.d2.d.ad2.ad.d2.u.au.d.ad.d2.ad2,82,78,4,82,78,4
u,bbar0_s042_5,-511,S042.5/2025,Bbar0 decay mode 423,ad.d3,u.ad.d.au,28,24,4,28,24,4
u,bbar0_s042_53,-511,S042.53/2025,Bbar0 decay mode 449,ad.d3,u.ad.d.au.u.au.d.ad,52,48,4,52,48,4
u,bbar0_s042_55,-511,S042.55/2025,Bbar0 decay mode 452,ad.d3,u.ad.d.au.u.ad.d.au,52,48,4,52,48,4
u,bbar0_s042_56,-511,S042.56/2025,Bbar0 decay mode 461,ad.d3,u.ad.d.au.u.au.d.ad.u.au.d.ad,76,72,4,76,72,4
u,bbar0_s042_573,-511,S042.573/2025,Bbar0 decay mode 485,ad.d3,P.aP.P.aP,76,72,4,76,72,4
u,bbar0_s042_594,-511,S042.594/2025,Bbar0 decay mode 484,ad.d3,P.aP.u.au.d.ad,64,60,4,64,60,4
u,bbar0_s042_6,-511,S042.6/2025,Bbar0 decay mode 547,ad.d3,ae.e,16,12,4,16,12,4
u,bbar0_s042_61,-511,S042.61/2025,Bbar0 decay mode 465,ad.d3,u.ad.u.ad.d.au.d.au.u.au.d.ad,76,72,4,76,72,4
u,bbar0_s042_64,-511,S042.64/2025,Bbar0 decay mode 472,ad.d3,u.ad.u.ad.u.ad.d.au.d.au.d.au,76,72,4,76,72,4
u,bbar0_s042_65,-511,S042.65/2025,Bbar0 decay mode 474,ad.d3,u.au.d.ad.u.ad.u.ad.u.ad.d.au.d.au.d.au,100,96,4,100,96,4
u,tau_plus_s035_104,-15,S035.104/2025,tau+ decay mode 244,ae3,P.hp,25,21,4,31,27,4
u,tau_plus_s035_105,-15,S035.105/2025,tau+ decay mode 245,ae3,P.u.au.d.ad,43,39,4,49,45,4
u,tau_plus_s035_224,-15,S035.224/2025,tau+ decay mode 232,ae3,ae.u.au.d.ad.u.au.d.ad,55,51,4,61,57,4
u,tau_plus_s035_268,-15,S035.268/2025,tau+ decay mode 246,ae3,P.u.au.d.ad.u.au.d.ad,67,63,4,73,69,4
u,tau_plus_s035_311,-15,S035.311/2025,tau+ decay mode 158,ae3,u.au.d.ad.d2.ad2.u.ad2.ad.d2.av3,61,57,4,67,63,4
u,tau_plus_s035_32,-15,S035.32/2025,tau+ decay mode 186,ae3,ae.hp,13,9,4,19,15,4
u,tau_plus_s035_351,-15,S035.351/2025,tau+ decay mode 238,ae3,aP.ae.ae,31,27,4,37,33,4
u,tau_plus_s035_352,-15,S035.352/2025,tau+ decay mode 239,ae3,P.e.ae,31,27,4,37,33,4
u,tau_plus_s035_355,-15,S035.355/2025,tau+ decay mode 187,ae3,ae.hp.hp,19,15,4,25,21,4
u,tau_plus_s035_38,-15,S035.38/2025,tau+ decay mode 210,ae3,ae.e.ae,19,15,4,25,21,4
u,tau_plus_s035_40,-15,S035.40/2025,tau+ decay mode 190,ae3,ae.u.au.d.ad,31,27,4,37,33,4
u,tau_plus_s035_45,-15,S035.45/2025,tau+ decay mode 216,ae3,ae.d.au.u.ad,31,27,4,37,33,4
u,tau_plus_s035_46,-15,S035.46/2025,tau+ decay mode 217,ae3,e.u.ad.u.ad,31,27,4,37,33,4
u,tau_plus_s035_69,-15,S035.69/2025,tau+ decay mode 163,ae3,u.au.d.ad.d2.ad2.u.au.d.ad.d2.ad2.u.ad.av3,85,81,4,91,87,4
u,tau_plus_s035_70,-15,S035.70/2025,tau+ decay mode 164,ae3,u.au.d.ad.d2.ad2.u.au.d.ad.d2.ad2.u.ad.u.au.d.ad.av3,109,105,4,115,111,4
u,phi_2170_0_m103_1,0,M103.1/2025,phi(2170)0 decay mode 1,d2.ad2,ae.e,16,12,4,16,12,4
u,phi_2170_minus_m103_1,0,M103.1/2025,phi(2170)- decay mode 1,d2.ad2,ae.e,16,12,4,16,12,4
u,phi_2170_plus_m103_1,0,M103.1/2025,phi(2170)+ decay mode 1,d2.ad2,ae.e,16,12,4,16,12,4
u,tau_minus_s035_104,15,S035.104/2025,tau- decay mode 244,e3,aP.hp,31,27,4,25,21,4
u,tau_minus_s035_105,15,S035.105/2025,tau- decay mode 245,e3,aP.u.au.d.ad,49,45,4,43,39,4
u,tau_minus_s035_214,15,S035.214/2025,tau- decay mode 48,e3,d.au.d.ad2.ad.d2.d.ad2.ad.d2.v3,67,63,4,61,57,4
u,tau_minus_s035_224,15,S035.224/2025,tau- decay mode 232,e3,e.u.au.d.ad.u.au.d.ad,61,57,4,55,51,4
u,tau_minus_s035_240,15,S035.240/2025,tau- decay mode 49,e3,d.au.d.ad2.ad.d2.d.ad2.ad.d2.v3,67,63,4,61,57,4
u,tau_minus_s035_241,15,S035.241/2025,tau- decay mode 52,e3,d.au.d.ad2.ad.d2.d.ad2.ad.d2.u.au.d.ad.v3,91,87,4,85,81,4
u,tau_minus_s035_242,15,S035.242/2025,tau- decay mode 56,e3,d.au.d.ad2.ad.d2.d.ad2.ad.d2.u.au.d.ad.v3,91,87,4,85,81,4
u,tau_minus_s035_268,15,S035.268/2025,tau- decay mode 246,e3,aP.u.au.d.ad.u.au.d.ad,73,69,4,67,63,4
u,tau_minus_s035_311,15,S035.311/2025,tau- decay mode 158,e3,u.au.d.ad.d2.ad2.au.d2.d.ad2.v3,67,63,4,61,57,4
u,tau_minus_s035_32,15,S035.32/2025,tau- decay mode 186,e3,e.hp,19,15,4,13,9,4
u,tau_minus_s035_342,15,S035.342/2025,tau- decay mode 50,e3,d.au.d.ad2.ad.d2.d.ad2.ad.d2.v3,67,63,4,61,57,4
u,tau_minus_s035_343,15,S035.343/2025,tau- decay mode 57,e3,d.au.d.ad2.ad.d2.d.ad2.ad.d2.u.au.d.ad.v3,91,87,4,85,81,4
u,tau_minus_s035_351,15,S035.351/2025,tau- decay mode 238,e3,P.e.e,37,33,4,31,27,4
u,tau_minus_s035_352,15,S035.352/2025,tau- decay mode 239,e3,aP.ae.e,37,33,4,31,27,4
u,tau_minus_s035_355,15,S035.355/2025,tau- decay mode 187,e3,e.hp.hp,25,21,4,19,15,4
u,tau_minus_s035_38,15,S035.38/2025,tau- decay mode 210,e3,e.ae.e,25,21,4,19,15,4
u,tau_minus_s035_40,15,S035.40/2025,tau- decay mode 190,e3,e.u.au.d.ad,37,33,4,31,27,4
u,tau_minus_s035_45,15,S035.45/2025,tau- decay mode 216,e3,e.u.ad.d.au,37,33,4,31,27,4
u,tau_minus_s035_46,15,S035.46/2025,tau- decay mode 217,e3,ae.d.au.d.au,37,33,4,31,27,4
u,tau_minus_s035_69,15,S035.69/2025,tau- decay mode 163,e3,u.au.d.ad.d2.ad2.u.au.d.ad.d2.ad2.d.au.v3,91,87,4,85,81,4
u,tau_minus_s035_70,15,S035.70/2025,tau- decay mode 164,e3,u.au.d.ad.d2.ad2.u.au.d.ad.d2.ad2.d.au.u.au.d.ad.v3,115,111,4,109,105,4
u,pi0_s009_13,111,S009.13/2025,pi0 decay mode 10,u.au.d.ad,v3.av3,24,20,4,24,20,4
u,eta_s014_1,221,S014.1/2025,eta decay mode 2,u.au.d.ad.d2.ad2,hp.hp,34,30,4,34,30,4
u,eta_s014_10,221,S014.10/2025,eta decay mode 22,u.au.d.ad.d2.ad2,u.ad.d.au.u.au.d.ad.hp,58,54,4,58,54,4
u,eta_s014_103,221,S014.103/2025,eta decay mode 27,u.au.d.ad.d2.ad2,u.au.d.ad.u.au.d.ad.hp,58,54,4,58,54,4
u,eta_s014_104,221,S014.104/2025,eta decay mode 24,u.au.d.ad.d2.ad2,u.au.d.ad.hp,34,30,4,34,30,4
u,eta_s014_105,221,S014.105/2025,eta decay mode 5,u.au.d.ad.d2.ad2,u.au.d.ad.u.au.d.ad.hp.hp,64,60,4,64,60,4
u,eta_s014_106,221,S014.106/2025,eta decay mode 28,u.au.d.ad.d2.ad2,u.au.d.ad.u.au.d.ad.u.au.d.ad.hp,82,78,4,82,78,4
u,eta_s014_11,221,S014.11/2025,eta decay mode 21,u.au.d.ad.d2.ad2,u.ad.d.au.hp.hp,40,36,4,40,36,4
u,eta_s014_15,221,S014.15/2025,eta decay mode 25,u.au.d.ad.d2.ad2,u.ad.d.au,34,30,4,34,30,4
u,eta_s014_16,221,S014.16/2025,eta decay mode 13,u.au.d.ad.d2.ad2,ae.e,34,30,4,34,30,4
u,eta_s014_18,221,S014.18/2025,eta decay mode 29,u.au.d.ad.d2.ad2,hp.hp.hp,34,30,4,34,30,4
u,eta_s014_2,221,S014.2/2025,eta decay mode 3,u.au.d.ad.d2.ad2,u.au.d.ad.u.au.d.ad.u.au.d.ad,76,72,4,76,72,4
u,eta_s014_21,221,S014.21/2025,eta decay mode 26,u.au.d.ad.d2.ad2,u.au.d.ad.u.au.d.ad,52,48,4,52,48,4
u,eta_s014_24,221,S014.24/2025,eta decay mode 30,u.au.d.ad.d2.ad2,u.au.d.ad.u.au.d.ad.u.au.d.ad.u.au.d.ad,100,96,4,100,96,4
u,eta_s014_25,221,S014.25/2025,eta decay mode 15,u.au.d.ad.d2.ad2,ae.ae.e.e,34,30,4,34,30,4
u,eta_s014_3,221,S014.3/2025,eta decay mode 9,u.au.d.ad.d2.ad2,u.ad.d.au.u.au.d.ad,52,48,4,52,48,4
u,eta_s014_4,221,S014.4/2025,eta decay mode 10,u.au.d.ad.d2.ad2,u.ad.d.au.hp,34,30,4,34,30,4
u,eta_s014_5,221,S014.5/2025,eta decay mode 31,u.au.d.ad.d2.ad2,u.au.d.ad.ae.e,40,36,4,40,36,4
u,eta_s014_7,221,S014.7/2025,eta decay mode 4,u.au.d.ad.d2.ad2,u.au.d.ad.hp.hp,40,36,4,40,36,4
u,eta_s014_8,221,S014.8/2025,eta decay mode 11,u.au.d.ad.d2.ad2,ae.e.hp,34,30,4,34,30,4
u,phi_1020_0_m004_14,333,M004.14/2025,phi(1020)0 decay mode 19,d2.ad2,u.ad.u.ad.d.au.d.au.u.au.d.ad,76,72,4,76,72,4
u,phi_1020_0_m004_15,333,M004.15/2025,phi(1020)0 decay mode 18,d2.ad2,u.ad.d.au.u.ad.d.au,52,48,4,52,48,4
u,phi_1020_0_m004_19,333,M004.19/2025,phi(1020)0 decay mode 17,d2.ad2,u.au.d.ad.u.au.d.ad.hp,58,54,4,58,54,4
u,phi_1020_0_m004_21,333,M004.21/2025,phi(1020)0 decay mode 20,d2.ad2,u.au.d.ad.ae.e,40,36,4,40,36,4
u,phi_1020_0_m004_3,333,M004.3/2025,phi(1020)0 decay mode 4,d2.ad2,u.ad.d.au.u.au.d.ad,52,48,4,52,48,4
u,phi_1020_0_m004_5,333,M004.5/2025,phi(1020)0 decay mode 8,d2.ad2,ae.e,16,12,4,16,12,4
u,phi_1020_0_m004_7,333,M004.7/2025,phi(1020)0 decay mode 6,d2.ad2,u.au.d.ad.hp,34,30,4,34,30,4
u,phi_1020_0_m004_8,333,M004.8/2025,phi(1020)0 decay mode 11,d2.ad2,u.ad.d.au,28,24,4,28,24,4
u,phi_1020_0_m004_9,333,M004.9/2025,phi(1020)0 decay mode 15,d2.ad2,u.ad.d.au.hp,34,30,4,34,30,4
u,b0_s042_137,511,S042.137/2025,B0 decay mode 424,d.ad3,u.au.d.ad.u.au.d.ad,52,48,4,52,48,4
u,b0_s042_141,511,S042.141/2025,B0 decay mode 546,d.ad3,hp.hp,16,12,4,16,12,4
u,b0_s042_255,511,S042.255/2025,B0 decay mode 370,d.ad3,d.ad2.ad.d2.d.ad2.ad.d2.d.ad2.ad.d2,70,66,4,70,66,4
u,b0_s042_29,511,S042.29/2025,B0 decay mode 475,d.ad3,P.aP,40,36,4,40,36,4
u,b0_s042_32,511,S042.32/2025,B0 decay mode 476,d.ad3,P.aP.u.ad.d.au,64,60,4,64,60,4
u,b0_s042_339,511,S042.339/2025,B0 decay mode 375,d.ad3,d.ad2.ad.d2.d.ad2.ad.d2.d.ad2.ad.d2,70,66,4,70,66,4
u,b0_s042_380,511,S042.380/2025,B0 decay mode 556,d.ad3,u.au.d.ad.ae.e,40,36,4,40,36,4
u,b0_s042_404,511,S042.404/2025,B0 decay mode 548,d.ad3,ae.e.hp,22,18,4,22,18,4
u,b0_s042_459,511,S042.459/2025,B0 decay mode 361,d.ad3,d.ad2.ad.d2.d.ad2.ad.d2.u.au.d.ad.d2.ad2,82,78,4,82,78,4
u,b0_s042_5,511,S042.5/2025,B0 decay mode 423,d.ad3,u.ad.d.au,28,24,4,28,24,4
u,b0_s042_53,511,S042.53/2025,B0 decay mode 449,d.ad3,u.ad.d.au.u.au.d.ad,52,48,4,52,48,4
u,b0_s042_55,511,S042.55/2025,B0 decay mode 452,d.ad3,u.ad.d.au.u.ad.d.au,52,48,4,52,48,4
u,b0_s042_56,511,S042.56/2025,B0 decay mode 461,d.ad3,u.ad.d.au.u.au.d.ad.u.au.d.ad,76,72,4,76,72,4
u,b0_s042_573,511,S042.573/2025,B0 decay mode 485,d.ad3,P.aP.P.aP,76,72,4,76,72,4
u,b0_s042_594,511,S042.594/2025,B0 decay mode 484,d.ad3,P.aP.u.au.d.ad,64,60,4,64,60,4
u,b0_s042_6,511,S042.6/2025,B0 decay mode 547,d.ad3,ae.e,16,12,4,16,12,4
u,b0_s042_61,511,S042.61/2025,B0 decay mode 465,d.ad3,u.ad.u.ad.d.au.d.au.u.au.d.ad,76,72,4,76,72,4
u,b0_s042_64,511,S042.64/2025,B0 decay mode 472,d.ad3,u.ad.u.ad.u.ad.d.au.d.au.d.au,76,72,4,76,72,4
u,b0_s042_65,511,S042.65/2025,B0 decay mode 474,d.ad3,u.au.d.ad.u.ad.u.ad.u.ad.d.au.d.au.d.au,100,96,4,100,96,4
u,b_plus_s041_138,521,S041.138/2025,B+ decay mode 29,u.ad3,u.au.d.ad.ae.v,37,33,4,43,39,4
u,b_plus_s041_16,521,S041.16/2025,B+ decay mode 519,u.ad3,u.ad.u.au.d.ad,37,33,4,43,39,4
u,b_plus_s041_182,521,S041.182/2025,B+ decay mode 39,u.ad3,ae.v,13,9,4,19,15,4
u,b_plus_s041_21,521,S041.21/2025,B+ decay mode 563,u.ad3,P.aP.u.ad,49,45,4,55,51,4
u,b_plus_s041_22,521,S041.22/2025,B+ decay mode 566,u.ad3,P.aP.u.ad.u.ad.d.au,73,69,4,79,75,4
u,b_plus_s041_234,521,S041.234/2025,B+ decay mode 43,u.ad3,ae.v.hp,19,15,4,25,21,4
u,b_plus_s041_319,521,S041.319/2025,B+ decay mode 38,u.ad3,P.aP.ae.v,49,45,4,55,51,4
u,b_plus_s041_63,521,S041.63/2025,B+ decay mode 520,u.ad3,u.ad.u.ad.d.au,37,33,4,43,39,4
u,b_plus_s041_73,521,S041.73/2025,B+ decay mode 530,u.ad3,u.ad.u.au.d.ad.u.au.d.ad,61,57,4,67,63,4
u,b_plus_s041_744,521,S041.744/2025,B+ decay mode 565,u.ad3,P.aP.u.ad.u.au.d.ad,73,69,4,79,75,4
u,b_plus_s041_75,521,S041.75/2025,B+ decay mode 535,u.ad3,u.ad.d.au.u.ad.u.au.d.ad,61,57,4,67,63,4
u,b_plus_s041_808,521,S041.808/2025,B+ decay mode 570,u.ad3,P.aN.u.au.d.ad,61,57,4,67,63,4
u,b_plus_s041_81,521,S041.81/2025,B+ decay mode 550,u.ad3,u.ad.u.ad.u.ad.d.au.d.au,61,57,4,67,63,4
u,b_plus_s041_83,521,S041.83/2025,B+ decay mode 555,u.ad3,u.ad.u.ad.u.ad.d.au.d.au.u.au.d.ad,85,81,4,91,87,4
u,b_plus_s041_85,521,S041.85/2025,B+ decay mode 631,u.ad3,u.ad.ae.e,25,21,4,31,27,4
u,b_plus_s041_91,521,S041.91/2025,B+ decay mode 673,u.ad3,d.au.ae.ae,25,21,4,31,27,4
u,p_s016_192,2212,S016.192/2025,p decay mode 77,P,N.ae3.av3,27,23,4,33,29,4
u,phi_1680_0_m067_6,100333,M067.6/2025,phi(1680)0 decay mode 5,d2.ad2,ae.e,16,12,4,16,12,4
u,b_minus_s041_11,-521,S041.11/2025,B- decay mode 638,au.d3,au.d2.e.ae,31,26,5,25,20,5
u,b_minus_s041_223,-521,S041.223/2025,B- decay mode 388,au.d3,au.d2.u.au.d.ad,43,38,5,37,32,5
u,b_minus_s041_282,-521,S041.282/2025,B- decay mode 415,au.d3,au.d2.u.ad.d.au,43,38,5,37,32,5
u,b_minus_s041_283,-521,S041.283/2025,B- decay mode 430,au.d3,u.ad2.d.au.d.au,43,38,5,37,32,5
u,b_minus_s041_305,-521,S041.305/2025,B- decay mode 434,au.d3,ad.d2.d.au.u.au.d.ad,55,50,5,49,44,5
u,b_minus_s041_307,-521,S041.307/2025,B- decay mode 506,au.d3,au.d2.u.ad.d.au.hp,49,44,5,43,38,5
u,b_minus_s041_313,-521,S041.313/2025,B- decay mode 567,au.d3,aP.P.au.d2,55,50,5,49,44,5
u,b_minus_s041_474,-521,S041.474/2025,B- decay mode 510,au.d3,ad.d2.d.au.u.au.d.ad.hp,61,56,5,55,50,5
u,b_minus_s041_5,-521,S041.5/2025,B- decay mode 387,au.d3,ad.d2.d.au,31,26,5,25,20,5
u,b_minus_s041_584,-521,S041.584/2025,B- decay mode 428,au.d3,au.d2.u.au.d.ad.u.au.d.ad,67,62,5,61,56,5
u,b_minus_s041_86,-521,S041.86/2025,B- decay mode 652,au.d3,d.au.e.ae2,31,26,5,25,20,5
u,b_minus_s041_87,-521,S041.87/2025,B- decay mode 653,au.d3,d.au.ae.e2,31,26,5,25,20,5
u,b_minus_s041_92,-521,S041.92/2025,B- decay mode 675,au.d3,u.ad.e.e2,31,26,5,25,20,5
u,b_minus_s041_94,-521,S041.94/2025,B- decay mode 679,au.d3,u.ad2.e.e,31,26,5,25,20,5
u,bbar0_s042_10,-511,S042.10/2025,Bbar0 decay mode 288,ad.d3,u.ad2.d.au,28,23,5,28,23,5
u,bbar0_s042_143,-511,S042.143/2025,Bbar0 decay mode 338,ad.d3,u.ad2.d.au.u.ad.d.au,52,47,5,52,47,5
u,bbar0_s042_144,-511,S042.144/2025,Bbar0 decay mode 289,ad.d3,d.ad2.u.au.d.ad,40,35,5,40,35,5
u,bbar0_s042_18,-511,S042.18/2025,Bbar0 decay mode 567,ad.d3,d.ad2.ae.e,28,23,5,28,23,5
u,bbar0_s042_220,-511,S042.220/2025,Bbar0 decay mode 478,ad.d3,P.aP.d.ad2,52,47,5,52,47,5
u,bbar0_s042_229,-511,S042.229/2025,Bbar0 decay mode 312,ad.d3,u.ad2.d.au.u.au.d.ad,52,47,5,52,47,5
u,bbar0_s042_231,-511,S042.231/2025,Bbar0 decay mode 404,ad.d3,u.ad2.d.au.hp,34,29,5,34,29,5
u,bbar0_s042_310,-511,S042.310/2025,Bbar0 decay mode 409,ad.d3,d.ad2.u.ad.d.au.hp,46,41,5,46,41,5
u,bbar0_s042_376,-511,S042.376/2025,Bbar0 decay mode 410,ad.d3,u.ad2.d.au.u.au.d.ad.hp,58,53,5,58,53,5
u,bbar0_s042_571,-511,S042.571/2025,Bbar0 decay mode 477,ad.d3,P.aP.u.ad2.d.au,64,59,5,64,59,5
u,bbar0_s042_624,-511,S042.624/2025,Bbar0 decay mode 593,ad.d3,P.e2,28,23,5,28,23,5
u,bbar0_s042_80,-511,S042.80/2025,Bbar0 decay mode 322,ad.d3,d.ad2.u.ad.d.au,40,35,5,40,35,5
u,k_minus_s010_11,-321,S010.11/2025,K- decay mode 1,au.d2,e.av,20,15,5,14,9,5
u,k_minus_s010_118,-321,S010.118/2025,K- decay mode 29,au.d2,d.au.e.ae.hp,38,33,5,32,27,5
u,k_minus_s010_120,-321,S010.120/2025,K- decay mode 24,au.d2,d.au.u.au.d.ad.e.ae,56,51,5,50,45,5
u,k_minus_s010_121,-321,S010.121/2025,K- decay mode 53,au.d2,u.ad.u.au.d.ad.e.e,56,51,5,50,45,5
u,k_minus_s010_123,-321,S010.123/2025,K- decay mode 40,au.d2,d.au.e.ae.e.ae,44,39,5,38,33,5
u,k_minus_s010_14,-321,S010.14/2025,K- decay mode 26,au.d2,d.au.d.au.u.ad.hp,50,45,5,44,39,5
u,k_minus_s010_15,-321,S010.15/2025,K- decay mode 38,au.d2,d.au.e.ae,32,27,5,26,21,5
u,k_minus_s010_17,-321,S010.17/2025,K- decay mode 27,au.d2,d.au.hp.hp,32,27,5,26,21,5
u,k_minus_s010_18,-321,S010.18/2025,K- decay mode 18,au.d2,u.au.d.ad.e.av.hp,50,45,5,44,39,5
u,k_minus_s010_19,-321,S010.19/2025,K- decay mode 51,au.d2,u.ad.e.e,32,27,5,26,21,5
u,k_minus_s010_2,-321,S010.2/2025,K- decay mode 10,au.d2,d.au.u.au.d.ad,44,39,5,38,33,5
u,k_minus_s010_21,-321,S010.21/2025,K- decay mode 17,au.d2,e.av.hp,26,21,5,20,15,5
u,k_minus_s010_22,-321,S010.22/2025,K- decay mode 56,au.d2,d.au.hp,26,21,5,20,15,5
u,k_minus_s010_23,-321,S010.23/2025,K- decay mode 28,au.d2,d.au.hp.hp.hp,38,33,5,32,27,5
u,k_minus_s010_24,-321,S010.24/2025,K- decay mode 5,au.d2,u.au.d.ad.u.au.d.ad.e.av,68,63,5,62,57,5
u,k_minus_s010_3,-321,S010.3/2025,K- decay mode 12,au.d2,d.au.d.au.u.ad,44,39,5,38,33,5
u,k_minus_s010_32,-321,S010.32/2025,K- decay mode 32,au.d2,e.av.e.ae,32,27,5,26,21,5
u,k_minus_s010_36,-321,S010.36/2025,K- decay mode 55,au.d2,u.au.d.ad.e.v,44,39,5,38,33,5
u,k_minus_s010_37,-321,S010.37/2025,K- decay mode 25,au.d2,d.au.u.au.d.ad.u.au.d.ad.hp,74,69,5,68,63,5
u,k_minus_s010_4,-321,S010.4/2025,K- decay mode 11,au.d2,d.au.u.au.d.ad.u.au.d.ad,68,63,5,62,57,5
u,k_minus_s010_44,-321,S010.44/2025,K- decay mode 9,au.d2,u.au.d.ad.u.au.d.ad.u.au.d.ad.e.av,92,87,5,86,81,5
u,k_minus_s010_47,-321,S010.47/2025,K- decay mode 21,au.d2,u.au.d.ad.u.au.d.ad.e.av.hp,74,69,5,68,63,5
u,k_minus_s010_6,-321,S010.6/2025,K- decay mode 3,au.d2,u.au.d.ad.e.av,44,39,5,38,33,5
u,k_minus_s010_7,-321,S010.7/2025,K- decay mode 7,au.d2,d.au.u.ad.e.av,44,39,5,38,33,5
u,k_minus_s010_8,-321,S010.8/2025,K- decay mode 36,au.d2,d.au.d.au.ae.v,44,39,5,38,33,5
u,tau_plus_s035_225,-15,S035.225/2025,tau+ decay mode 233,ae3,ae2.u.au.d.ad.u.au.d.ad,55,50,5,61,56,5
u,tau_plus_s035_31,-15,S035.31/2025,tau+ decay mode 188,ae3,ae2.hp,13,8,5,19,14,5
u,tau_plus_s035_312,-15,S035.312/2025,tau+ decay mode 165,ae3,u.au.d.ad.d2.ad2.u.au.d.ad.d2.ad2.u.ad2.av3,85,80,5,91,86,5
u,tau_plus_s035_353,-15,S035.353/2025,tau+ decay mode 240,ae3,P.e.ae2,31,26,5,37,32,5
u,tau_plus_s035_354,-15,S035.354/2025,tau+ decay mode 241,ae3,P.ae.e2,31,26,5,37,32,5
u,tau_plus_s035_356,-15,S035.356/2025,tau+ decay mode 189,ae3,ae2.hp.hp,19,14,5,25,20,5
u,tau_plus_s035_37,-15,S035.37/2025,tau+ decay mode 213,ae3,ae2.e.ae,19,14,5,25,20,5
u,tau_plus_s035_39,-15,S035.39/2025,tau+ decay mode 191,ae3,ae2.u.au.d.ad,31,26,5,37,32,5
u,tau_plus_s035_47,-15,S035.47/2025,tau+ decay mode 218,ae3,ae2.d.au.u.ad,31,26,5,37,32,5
u,tau_plus_s035_48,-15,S035.48/2025,tau+ decay mode 219,ae3,e2.u.ad.u.ad,31,26,5,37,32,5
u,tau_plus_s035_49,-15,S035.49/2025,tau+ decay mode 220,ae3,ae.d.au.u.ad2,31,26,5,37,32,5
u,tau_plus_s035_50,-15,S035.50/2025,tau+ decay mode 222,ae3,e.u.ad.u.ad2,31,26,5,37,32,5
u,tau_plus_s035_56,-15,S035.56/2025,tau+ decay mode 214,ae3,e2.ae.ae,19,14,5,25,20,5
u,tau_plus_s035_77,-15,S035.77/2025,tau+ decay mode 221,ae3,ae.u.ad.au.d2,31,26,5,37,32,5
u,mu_plus_s004_4,-13,S004.4/2025,mu+ decay mode 5,ae2,ae.hp,14,9,5,20,15,5
u,mu_plus_s004_5,-13,S004.5/2025,mu+ decay mode 6,ae2,ae.e.ae,20,15,5,26,21,5
u,mu_plus_s004_6,-13,S004.6/2025,mu+ decay mode 7,ae2,ae.hp.hp,20,15,5,26,21,5
u,mu_minus_s004_5,13,S004.5/2025,mu- decay mode 6,e2,e.ae.e,26,21,5,20,15,5
u,mu_minus_s004_6,13,S004.6/2025,mu- decay mode 7,e2,e.hp.hp,26,21,5,20,15,5
u,tau_minus_s035_225,15,S035.225/2025,tau- decay mode 233,e3,e2.u.au.d.ad.u.au.d.ad,61,56,5,55,50,5
u,tau_minus_s035_31,15,S035.31/2025,tau- decay mode 188,e3,e2.hp,19,14,5,13,8,5
u,tau_minus_s035_312,15,S035.312/2025,tau- decay mode 165,e3,u.au.d.ad.d2.ad2.u.au.d.ad.d2.ad2.au.d2.v3,91,86,5,85,80,5
u,tau_minus_s035_332,15,S035.332/2025,tau- decay mode 58,e3,au.d2.d.ad2.ad.d2.d.ad2.ad.d2.v3,67,62,5,61,56,5
u,tau_minus_s035_333,15,S035.333/2025,tau- decay mode 59,e3,au.d2.d.ad2.ad.d2.d.ad2.ad.d2.u.au.d.ad.v3,91,86,5,85,80,5
u,tau_minus_s035_353,15,S035.353/2025,tau- decay mode 240,e3,aP.ae.e2,37,32,5,31,26,5
u,tau_minus_s035_354,15,S035.354/2025,tau- decay mode 241,e3,aP.e.ae2,37,32,5,31,26,5
u,tau_minus_s035_356,15,S035.356/2025,tau- decay mode 189,e3,e2.hp.hp,25,20,5,19,14,5
u,tau_minus_s035_37,15,S035.37/2025,tau- decay mode 213,e3,e2.ae.e,25,20,5,19,14,5
u,tau_minus_s035_39,15,S035.39/2025,tau- decay mode 191,e3,e2.u.au.d.ad,37,32,5,31,26,5
u,tau_minus_s035_47,15,S035.47/2025,tau- decay mode 218,e3,e2.u.ad.d.au,37,32,5,31,26,5
u,tau_minus_s035_48,15,S035.48/2025,tau- decay mode 219,e3,ae2.d.au.d.au,37,32,5,31,26,5
u,tau_minus_s035_49,15,S035.49/2025,tau- decay mode 220,e3,e.u.ad.au.d2,37,32,5,31,26,5
u,tau_minus_s035_50,15,S035.50/2025,tau- decay mode 222,e3,ae.d.au.au.d2,37,32,5,31,26,5
u,tau_minus_s035_56,15,S035.56/2025,tau- decay mode 214,e3,ae2.e.e,25,20,5,19,14,5
u,tau_minus_s035_77,15,S035.77/2025,tau- decay mode 221,e3,e.d.au.u.ad2,37,32,5,31,26,5
u,k_plus_s010_11,321,S010.11/2025,K+ decay mode 1,u.ad2,ae.v,14,9,5,20,15,5
u,k_plus_s010_118,321,S010.118/2025,K+ decay mode 29,u.ad2,u.ad.ae.e.hp,32,27,5,38,33,5
u,k_plus_s010_120,321,S010.120/2025,K+ decay mode 24,u.ad2,u.ad.u.au.d.ad.ae.e,50,45,5,56,51,5
u,k_plus_s010_121,321,S010.121/2025,K+ decay mode 53,u.ad2,d.au.u.au.d.ad.ae.ae,50,45,5,56,51,5
u,k_plus_s010_123,321,S010.123/2025,K+ decay mode 40,u.ad2,u.ad.ae.e.ae.e,38,33,5,44,39,5
u,k_plus_s010_14,321,S010.14/2025,K+ decay mode 26,u.ad2,u.ad.u.ad.d.au.hp,44,39,5,50,45,5
u,k_plus_s010_15,321,S010.15/2025,K+ decay mode 38,u.ad2,u.ad.ae.e,26,21,5,32,27,5
u,k_plus_s010_17,321,S010.17/2025,K+ decay mode 27,u.ad2,u.ad.hp.hp,26,21,5,32,27,5
u,k_plus_s010_18,321,S010.18/2025,K+ decay mode 18,u.ad2,u.au.d.ad.ae.v.hp,44,39,5,50,45,5
u,k_plus_s010_19,321,S010.19/2025,K+ decay mode 51,u.ad2,d.au.ae.ae,26,21,5,32,27,5
u,k_plus_s010_2,321,S010.2/2025,K+ decay mode 10,u.ad2,u.ad.u.au.d.ad,38,33,5,44,39,5
u,k_plus_s010_21,321,S010.21/2025,K+ decay mode 17,u.ad2,ae.v.hp,20,15,5,26,21,5
u,k_plus_s010_22,321,S010.22/2025,K+ decay mode 56,u.ad2,u.ad.hp,20,15,5,26,21,5
u,k_plus_s010_23,321,S010.23/2025,K+ decay mode 28,u.ad2,u.ad.hp.hp.hp,32,27,5,38,33,5
u,k_plus_s010_24,321,S010.24/2025,K+ decay mode 5,u.ad2,u.au.d.ad.u.au.d.ad.ae.v,62,57,5,68,63,5
u,k_plus_s010_3,321,S010.3/2025,K+ decay mode 12,u.ad2,u.ad.u.ad.d.au,38,33,5,44,39,5
u,k_plus_s010_32,321,S010.32/2025,K+ decay mode 32,u.ad2,ae.v.ae.e,26,21,5,32,27,5
u,k_plus_s010_36,321,S010.36/2025,K+ decay mode 55,u.ad2,u.au.d.ad.ae.av,38,33,5,44,39,5
u,k_plus_s010_37,321,S010.37/2025,K+ decay mode 25,u.ad2,u.ad.u.au.d.ad.u.au.d.ad.hp,68,63,5,74,69,5
u,k_plus_s010_4,321,S010.4/2025,K+ decay mode 11,u.ad2,u.ad.u.au.d.ad.u.au.d.ad,62,57,5,68,63,5
u,k_plus_s010_44,321,S010.44/2025,K+ decay mode 9,u.ad2,u.au.d.ad.u.au.d.ad.u.au.d.ad.ae.v,86,81,5,92,87,5
u,k_plus_s010_47,321,S010.47/2025,K+ decay mode 21,u.ad2,u.au.d.ad.u.au.d.ad.ae.v.hp,68,63,5,74,69,5
u,k_plus_s010_6,321,S010.6/2025,K+ decay mode 3,u.ad2,u.au.d.ad.ae.v,38,33,5,44,39,5
u,k_plus_s010_7,321,S010.7/2025,K+ decay mode 7,u.ad2,u.ad.d.au.ae.v,38,33,5,44,39,5
u,k_plus_s010_8,321,S010.8/2025,K+ decay mode 36,u.ad2,u.ad.u.ad.e.av,38,33,5,44,39,5
u,b0_s042_10,511,S042.10/2025,B0 decay mode 288,d.ad3,u.ad2.d.au,28,23,5,28,23,5
u,b0_s042_143,511,S042.143/2025,B0 decay mode 338,d.ad3,u.ad2.d.au.u.ad.d.au,52,47,5,52,47,5
u,b0_s042_144,511,S042.144/2025,B0 decay mode 289,d.ad3,d.ad2.u.au.d.ad,40,35,5,40,35,5
u,b0_s042_18,511,S042.18/2025,B0 decay mode 567,d.ad3,d.ad2.ae.e,28,23,5,28,23,5
u,b0_s042_220,511,S042.220/2025,B0 decay mode 478,d.ad3,P.aP.d.ad2,52,47,5,52,47,5
u,b0_s042_229,511,S042.229/2025,B0 decay mode 312,d.ad3,u.ad2.d.au.u.au.d.ad,52,47,5,52,47,5
u,b0_s042_231,511,S042.231/2025,B0 decay mode 404,d.ad3,u.ad2.d.au.hp,34,29,5,34,29,5
u,b0_s042_310,511,S042.310/2025,B0 decay mode 409,d.ad3,d.ad2.u.ad.d.au.hp,46,41,5,46,41,5
u,b0_s042_376,511,S042.376/2025,B0 decay mode 410,d.ad3,u.ad2.d.au.u.au.d.ad.hp,58,53,5,58,53,5
u,b0_s042_571,511,S042.571/2025,B0 decay mode 477,d.ad3,P.aP.u.ad2.d.au,64,59,5,64,59,5
u,b0_s042_624,511,S042.624/2025,B0 decay mode 593,d.ad3,P.e2,28,23,5,28,23,5
u,b0_s042_80,511,S042.80/2025,B0 decay mode 322,d.ad3,d.ad2.u.ad.d.au,40,35,5,40,35,5
u,b_plus_s041_11,521,S041.11/2025,B+ decay mode 638,u.ad3,u.ad2.ae.e,25,20,5,31,26,5
u,b_plus_s041_223,521,S041.223/2025,B+ decay mode 388,u.ad3,u.ad2.u.au.d.ad,37,32,5,43,38,5
u,b_plus_s041_282,521,S041.282/2025,B+ decay mode 415,u.ad3,u.ad2.d.au.u.ad,37,32,5,43,38,5
u,b_plus_s041_283,521,S041.283/2025,B+ decay mode 430,u.ad3,au.d2.u.ad.u.ad,37,32,5,43,38,5
u,b_plus_s041_305,521,S041.305/2025,B+ decay mode 434,u.ad3,d.ad2.u.ad.u.au.d.ad,49,44,5,55,50,5
u,b_plus_s041_307,521,S041.307/2025,B+ decay mode 506,u.ad3,u.ad2.d.au.u.ad.hp,43,38,5,49,44,5
u,b_plus_s041_313,521,S041.313/2025,B+ decay mode 567,u.ad3,P.aP.u.ad2,49,44,5,55,50,5
u,b_plus_s041_474,521,S041.474/2025,B+ decay mode 510,u.ad3,d.ad2.u.ad.u.au.d.ad.hp,55,50,5,61,56,5
u,b_plus_s041_5,521,S041.5/2025,B+ decay mode 387,u.ad3,d.ad2.u.ad,25,20,5,31,26,5
u,b_plus_s041_584,521,S041.584/2025,B+ decay mode 428,u.ad3,u.ad2.u.au.d.ad.u.au.d.ad,61,56,5,67,62,5
u,b_plus_s041_86,521,S041.86/2025,B+ decay mode 652,u.ad3,u.ad.ae.e2,25,20,5,31,26,5
u,b_plus_s041_87,521,S041.87/2025,B+ decay mode 653,u.ad3,u.ad.e.ae2,25,20,5,31,26,5
u,b_plus_s041_92,521,S041.92/2025,B+ decay mode 675,u.ad3,d.au.ae.ae2,25,20,5,31,26,5
u,b_plus_s041_94,521,S041.94/2025,B+ decay mode 679,u.ad3,au.d2.ae.ae,25,20,5,31,26,5
u,tau_plus_s035_42,-15,S035.42/2025,tau+ decay mode 192,ae3,e.d.ad2.ad.d2,31,31,0,37,25,12
u,tau_plus_s035_41,-15,S035.41/2025,tau+ decay mode 193,ae3,e2.d.ad2.ad.d2,31,30,1,37,24,13
u,tau_plus_s035_288,-15,S035.288/2025,tau+ decay mode 223,ae3,e.d.ad2.ad.d2.d.ad2.ad.d2,55,53,2,61,47,14
u,p_s016_84,2212,S016.84/2025,p decay mode 89,P,e.d.ad2.ad.d2,33,31,2,39,25,14
u,p_s016_85,2212,S016.85/2025,p decay mode 91,P,e.d.ad2.ad.d2,33,31,2,39,25,14
u,pbar_s016_50,-2212,S016.50/2025,pbar decay mode 14,aP,ae.d.ad2.ad.d2,39,25,14,33,31,2
u,pbar_s016_51,-2212,S016.51/2025,pbar decay mode 15,aP,ae.d.ad2.ad.d2,39,25,14,33,31,2
u,b_minus_s041_324,-521,S041.324/2025,B- decay mode 454,au.d3,d.ad2.ad.d2.d.ad2.ad.d2.u.ad,67,53,14,61,59,2
u,tau_plus_s035_289,-15,S035.289/2025,tau+ decay mode 229,ae3,e2.d.ad2.ad.d2.d.ad2.ad.d2,55,52,3,61,46,15
u,p_s016_90,2212,S016.90/2025,p decay mode 90,P,e2.d.ad2.ad.d2,33,30,3,39,24,15
u,p_s016_91,2212,S016.91/2025,p decay mode 92,P,e2.d.ad2.ad.d2,33,30,3,39,24,15
u,pbar_s016_52,-2212,S016.52/2025,pbar decay mode 17,aP,ae2.d.ad2.ad.d2,39,24,15,33,30,3
u,pbar_s016_53,-2212,S016.53/2025,pbar decay mode 18,aP,ae2.d.ad2.ad.d2,39,24,15,33,30,3
u,b_minus_s041_323,-521,S041.323/2025,B- decay mode 450,au.d3,u.ad2.d.ad2.ad.d2.d.ad2.ad.d2,67,52,15,61,58,3
u,tau_plus_s035_214,-15,S035.214/2025,tau+ decay mode 48,ae3,d.au.d.ad2.ad.d2.d.ad2.ad.d2.v3,67,63,4,73,57,16
u,tau_plus_s035_240,-15,S035.240/2025,tau+ decay mode 49,ae3,d.au.d.ad2.ad.d2.d.ad2.ad.d2.v3,67,63,4,73,57,16
u,tau_plus_s035_241,-15,S035.241/2025,tau+ decay mode 52,ae3,d.au.d.ad2.ad.d2.d.ad2.ad.d2.u.au.d.ad.v3,91,87,4,97,81,16
u,tau_plus_s035_242,-15,S035.242/2025,tau+ decay mode 56,ae3,d.au.d.ad2.ad.d2.d.ad2.ad.d2.u.au.d.ad.v3,91,87,4,97,81,16
u,tau_plus_s035_342,-15,S035.342/2025,tau+ decay mode 50,ae3,d.au.d.ad2.ad.d2.d.ad2.ad.d2.v3,67,63,4,73,57,16
u,tau_plus_s035_343,-15,S035.343/2025,tau+ decay mode 57,ae3,d.au.d.ad2.ad.d2.d.ad2.ad.d2.u.au.d.ad.v3,91,87,4,97,81,16
u,tau_plus_s035_332,-15,S035.332/2025,tau+ decay mode 58,ae3,au.d2.d.ad2.ad.d2.d.ad2.ad.d2.v3,67,62,5,73,56,17
u,tau_plus_s035_333,-15,S035.333/2025,tau+ decay mode 59,ae3,au.d2.d.ad2.ad.d2.d.ad2.ad.d2.u.au.d.ad.v3,91,86,5,97,80,17
